crash_date,crash_time,borough,zip_code,latitude,longitude,location,on_street_name,off_street_name,cross_street_name,persons_injured,persons_killed,pedestrians_injured,pedestrians_killed,cyclists_injured,cyclists_killed,motorists_injured,motorists_killed,contributing_factor_vehicle_1,contributing_factor_vehicle_2,contributing_factor_vehicle_3,contributing_factor_vehicle_4,contributing_factor_vehicle_5,collision_id,vehicle_type_code1,vehicle_type_code2,vehicle_type_code_3,vehicle_type_code_4,vehicle_type_code_5,crash_datetime,has_injuries,has_fatalities,total_involved,severity_level
2026-06-09T00:00:00.000,0:00,UNKNOWN,,40.7163,-73.82282,"
,  
(40.7163, -73.82282)",GRAND CENTRAL PARKWAY,UNION TURNPIKE,,5,0,0,0,0,0,5,0,Following Too Closely,Driver Inexperience,,,,4905343,Station Wagon/Sport Utility Vehicle,Station Wagon/Sport Utility Vehicle,,,,2026-06-09 00:00:00,True,False,5,SEVERE
2026-06-09T00:00:00.000,16:55,BROOKLYN,11218.0,40.64252,-73.98289,"
,  
(40.64252, -73.98289)",,,121       CHESTER AVE,0,0,0,0,0,0,0,0,Unspecified,Unspecified,,,,4905478,4 dr sedan,,,,,2026-06-09 16:55:00,False,False,0,NONE
2026-06-09T00:00:00.000,2:00,UNKNOWN,,40.727776,-73.92902,"
,  
(40.727776, -73.92902)",BROOKLYN QUEENS EXPRESSWAY,,,0,0,0,0,0,0,0,0,Driver Inexperience,Unspecified,,,,4905397,Station Wagon/Sport Utility Vehicle,,,,,2026-06-09 02:00:00,False,False,0,NONE
2026-06-09T00:00:00.000,0:50,UNKNOWN,,0.0,0.0,"
,  
(0.0, 0.0)",,,107       EAST DR,1,0,0,0,1,0,0,0,Driver Inexperience,,,,,4905090,BICY,,,,,2026-06-09 00:50:00,True,False,1,MODERATE
2026-06-09T00:00:00.000,20:04,BROOKLYN,11203.0,40.64549,-73.9432,"
,  
(40.64549, -73.9432)",BROOKLYN AVE,BEVERLEY RD,,1,0,0,0,0,0,1,0,Driver Inattention/Distraction,Unspecified,,,,4905371,Station Wagon/Sport Utility Vehicle,DUMP,,,,2026-06-09 20:04:00,True,False,1,MODERATE
2026-06-09T00:00:00.000,9:09,UNKNOWN,,40.6103,-74.16048,"
,  
(40.6103, -74.16048)",,,1550      RICHMOND AVE,1,0,0,0,0,0,1,0,Fell Asleep,Unspecified,,,,4905568,4 dr sedan,4 dr sedan,,,,2026-06-09 09:09:00,True,False,1,MODERATE
2026-06-09T00:00:00.000,23:20,UNKNOWN,,40.79157,-73.94468,"
,  
(40.79157, -73.94468)",E 106 ST,,,1,0,0,0,1,0,0,0,Failure to Yield Right-of-Way,Other Vehicular,,,,4905422,4 dr sedan,BICY,,,,2026-06-09 23:20:00,True,False,1,MODERATE
2026-06-09T00:00:00.000,0:48,QUEENS,11103.0,40.757385,-73.921265,"
,  
(40.757385, -73.921265)",,,32-79     38 ST,1,0,0,0,0,0,1,0,Unsafe Lane Changing,Unspecified,Unspecified,,,4905148,4 dr sedan,Station Wagon/Sport Utility Vehicle,Station Wagon/Sport Utility Vehicle,,,2026-06-09 00:48:00,True,False,1,MODERATE
2026-06-09T00:00:00.000,16:43,BROOKLYN,11224.0,0.0,0.0,"
,  
(0.0, 0.0)",,,3003      W 22 ST,1,0,1,0,0,0,0,0,Unsafe Speed,,,,,4905437,Station Wagon/Sport Utility Vehicle,,,,,2026-06-09 16:43:00,True,False,1,MODERATE
2026-06-09T00:00:00.000,14:14,BROOKLYN,11211.0,40.715702,-73.95578,"
,  
(40.715702, -73.95578)",ROEBLING ST,N 6 ST,,1,0,1,0,0,0,0,0,Unspecified,,,,,4905753,4 dr sedan,,,,,2026-06-09 14:14:00,True,False,1,MODERATE
2026-06-09T00:00:00.000,7:43,BRONX,10459.0,40.832664,-73.89174,"
,  
(40.832664, -73.89174)",JENNINGS ST,CHARLOTTE ST,,1,0,0,0,0,0,0,0,Unspecified,Unspecified,,,,4905180,4 dr sedan,ESST,,,,2026-06-09 07:43:00,True,False,1,MODERATE
2026-06-09T00:00:00.000,13:21,BROOKLYN,11212.0,40.67403,-73.905205,"
,  
(40.67403, -73.905205)",,,26        POWELL ST,1,0,0,0,0,0,1,0,Driver Inattention/Distraction,Driver Inattention/Distraction,,,,4905320,Motorcycle,,,,,2026-06-09 13:21:00,True,False,1,MODERATE
2026-06-09T00:00:00.000,11:24,BROOKLYN,11233.0,40.67903,-73.92459,"
,  
(40.67903, -73.92459)",BUFFALO AVE,FULTON ST,,1,0,0,0,0,0,0,0,Driver Inattention/Distraction,Unspecified,,,,4905483,4 dr sedan,ESST,,,,2026-06-09 11:24:00,True,False,1,MODERATE
2026-06-09T00:00:00.000,6:13,BROOKLYN,11213.0,40.668797,-73.93112,"
,  
(40.668797, -73.93112)",EASTERN PKWY,UTICA AVE,,1,0,0,0,0,0,0,0,Driver Inattention/Distraction,Unspecified,,,,4905519,4 dr sedan,ESST,,,,2026-06-09 06:13:00,True,False,1,MODERATE
2026-06-09T00:00:00.000,22:00,QUEENS,11412.0,40.701805,-73.76785,"
,  
(40.701805, -73.76785)",,,187-18    HILBURN AVE,0,0,0,0,0,0,0,0,Unspecified,Unspecified,,,,4905582,4 dr sedan,4 dr sedan,,,,2026-06-09 22:00:00,False,False,0,NONE
2026-06-09T00:00:00.000,15:43,BROOKLYN,11212.0,40.66237,-73.92686,"
,  
(40.66237, -73.92686)",E 93 ST,RUTLAND RD,,2,0,2,0,0,0,0,0,Unspecified,,,,,4905625,4 dr sedan,,,,,2026-06-09 15:43:00,True,False,2,MODERATE
2026-06-09T00:00:00.000,4:53,BROOKLYN,11207.0,40.66337,-73.89266,"
,  
(40.66337, -73.89266)",RIVERDALE AVE,NEW JERSEY AVE,,1,0,0,0,0,0,1,0,Driver Inattention/Distraction,Unspecified,,,,4905280,Station Wagon/Sport Utility Vehicle,4 dr sedan,,,,2026-06-09 04:53:00,True,False,1,MODERATE
2026-06-09T00:00:00.000,11:00,QUEENS,11368.0,40.749763,-73.864914,"
,  
(40.749763, -73.864914)",,,100-15    ROOSEVELT AVE,0,0,0,0,0,0,0,0,Driver Inattention/Distraction,Unspecified,,,,4905253,4 dr sedan,,,,,2026-06-09 11:00:00,False,False,0,NONE
2026-06-09T00:00:00.000,8:15,BROOKLYN,11231.0,40.679226,-74.0129,"
,  
(40.679226, -74.0129)",KING ST,CONOVER ST,,2,0,0,0,0,0,2,0,Driver Inattention/Distraction,Unspecified,,,,4905272,4 dr sedan,Pick-up Truck,,,,2026-06-09 08:15:00,True,False,2,MODERATE
2026-06-09T00:00:00.000,11:58,QUEENS,11365.0,40.742977,-73.795555,"
,  
(40.742977, -73.795555)",174 ST,56 AVE,,1,0,0,0,0,0,1,0,Driver Inexperience,Driver Inexperience,Unspecified,,,4905255,4 dr sedan,4 dr sedan,4 dr sedan,,,2026-06-09 11:58:00,True,False,1,MODERATE
2026-06-09T00:00:00.000,0:00,BROOKLYN,11203.0,40.654907,-73.939835,"
,  
(40.654907, -73.939835)",,,557       LENOX RD,0,0,0,0,0,0,0,0,Other Vehicular,Driver Inattention/Distraction,,,,4905308,Van,,,,,2026-06-09 00:00:00,False,False,0,NONE
2026-06-09T00:00:00.000,7:18,BROOKLYN,11209.0,40.63319,-74.03572,"
,  
(40.63319, -74.03572)",,,26        BAY RIDGE PKWY,1,0,0,0,1,0,0,0,Driver Inattention/Distraction,Unspecified,,,,4905208,4 dr sedan,BICY,,,,2026-06-09 07:18:00,True,False,1,MODERATE
2026-06-09T00:00:00.000,10:23,BROOKLYN,11234.0,40.635365,-73.925705,"
,  
(40.635365, -73.925705)",GLENWOOD RD,E 53 ST,,3,0,0,0,0,0,3,0,Driver Inattention/Distraction,Unspecified,,,,4905619,4 dr sedan,Station Wagon/Sport Utility Vehicle,,,,2026-06-09 10:23:00,True,False,3,SEVERE
2026-06-09T00:00:00.000,7:50,BROOKLYN,11234.0,40.621216,-73.93538,"
,  
(40.621216, -73.93538)",FLATBUSH AVE,FLATLANDS AVE,,0,0,0,0,0,0,0,0,37,Failure to Yield Right-of-Way,,,,4905417,Station Wagon/Sport Utility Vehicle,4 dr sedan,,,,2026-06-09 07:50:00,False,False,0,NONE
2026-06-09T00:00:00.000,10:13,BRONX,10463.0,40.876877,-73.90339,"
,  
(40.876877, -73.90339)",BAILEY AVE,ALBANY CRES,,1,0,1,0,0,0,0,0,Unspecified,,,,,4905443,4 dr sedan,,,,,2026-06-09 10:13:00,True,False,1,MODERATE
2026-06-09T00:00:00.000,5:10,BRONX,10457.0,40.84634,-73.90822,"
,  
(40.84634, -73.90822)",,,1774      EASTBURN AVE,0,0,0,0,0,0,0,0,Driver Inattention/Distraction,Unspecified,Unspecified,,,4905718,4 dr sedan,UTIL,,,,2026-06-09 05:10:00,False,False,0,NONE
2026-06-09T00:00:00.000,18:00,UNKNOWN,,40.70234,-73.81193,"
,  
(40.70234, -73.81193)",143 ST,,,1,0,1,0,0,0,0,0,Backing Unsafely,,,,,4905532,Station Wagon/Sport Utility Vehicle,,,,,2026-06-09 18:00:00,True,False,1,MODERATE
2026-06-09T00:00:00.000,18:00,BRONX,10463.0,40.882877,-73.90495,"
,  
(40.882877, -73.90495)",W 234 ST,CORLEAR AVE,,3,0,0,0,0,0,3,0,Unspecified,Unspecified,Unspecified,,,4905681,4 dr sedan,Taxi,4 dr sedan,,,2026-06-09 18:00:00,True,False,3,SEVERE
2026-06-09T00:00:00.000,10:00,QUEENS,11372.0,40.751995,-73.87639,"
,  
(40.751995, -73.87639)",,,35-22     91 ST,0,0,0,0,0,0,0,0,Driver Inattention/Distraction,Unspecified,,,,4905239,4 dr sedan,4 dr sedan,,,,2026-06-09 10:00:00,False,False,0,NONE
2026-06-09T00:00:00.000,8:39,BROOKLYN,11234.0,40.632954,-73.9197,"
,  
(40.632954, -73.9197)",PAERDEGAT AVE S,E 59 ST,,1,0,1,0,0,0,0,0,Failure to Yield Right-of-Way,,,,,4905288,4 dr sedan,,,,,2026-06-09 08:39:00,True,False,1,MODERATE
2026-06-09T00:00:00.000,20:15,UNKNOWN,,40.830845,-73.94723,"
,  
(40.830845, -73.94723)",W 152 ST,,,1,0,0,0,1,0,0,0,Backing Unsafely,Unspecified,,,,4905381,BICY,,,,,2026-06-09 20:15:00,True,False,1,MODERATE
2026-06-09T00:00:00.000,7:25,BRONX,10452.0,40.839832,-73.92391,"
,  
(40.839832, -73.92391)",W 169 ST,NELSON AVE,,0,0,0,0,0,0,0,0,Backing Unsafely,Unspecified,,,,4905517,4 dr sedan,4 dr sedan,,,,2026-06-09 07:25:00,False,False,0,NONE
2026-06-09T00:00:00.000,12:42,BROOKLYN,11236.0,40.642673,-73.90868,"
,  
(40.642673, -73.90868)",REMSEN AVE,BAY VIEW PL,,0,0,0,0,0,0,0,0,Other Vehicular,Driver Inattention/Distraction,Unspecified,,,4905325,4 dr sedan,4 dr sedan,Motorcycle,,,2026-06-09 12:42:00,False,False,0,NONE
2026-06-09T00:00:00.000,16:00,BROOKLYN,11234.0,40.609943,-73.92195,"
,  
(40.609943, -73.92195)",,,5100      KINGS PLZ,0,0,0,0,0,0,0,0,Passing or Lane Usage Improper,Unspecified,,,,4905358,POLI,Station Wagon/Sport Utility Vehicle,,,,2026-06-09 16:00:00,False,False,0,NONE
2026-06-09T00:00:00.000,7:00,BRONX,10456.0,40.837948,-73.91135,"
,  
(40.837948, -73.91135)",MORRIS AVE,E 170 ST,,0,0,0,0,0,0,0,0,Unspecified,Unspecified,Unspecified,,,4905262,Station Wagon/Sport Utility Vehicle,4 dr sedan,,,,2026-06-09 07:00:00,False,False,0,NONE
2026-06-09T00:00:00.000,19:50,QUEENS,11364.0,40.73769,-73.768456,"
,  
(40.73769, -73.768456)",73 AVE,CLEARVIEW EXPY,,1,0,0,0,0,0,1,0,Unsafe Speed,Unspecified,,,,4905552,4 dr sedan,Station Wagon/Sport Utility Vehicle,,,,2026-06-09 19:50:00,True,False,1,MODERATE
2026-06-09T00:00:00.000,13:34,MANHATTAN,10019.0,40.762856,-73.98941,"
,  
(40.762856, -73.98941)",W 49 ST,9 AVE,,1,0,1,0,0,0,0,0,Unspecified,,,,,4905597,Station Wagon/Sport Utility Vehicle,,,,,2026-06-09 13:34:00,True,False,1,MODERATE
2026-06-09T00:00:00.000,17:15,STATEN ISLAND,10305.0,40.6051,-74.068146,"
,  
(40.6051, -74.068146)",BROWN PL,HARVEY ST,,0,0,0,0,0,0,0,0,Driver Inexperience,Unspecified,,,,4905410,4 dr sedan,4 dr sedan,,,,2026-06-09 17:15:00,False,False,0,NONE
2026-06-09T00:00:00.000,14:11,QUEENS,11355.0,40.75692,-73.82747,"
,  
(40.75692, -73.82747)",,,136-30    SANFORD AVE,1,0,0,0,1,0,0,0,Unspecified,Unspecified,,,,4905438,Sedan,BICY,,,,2026-06-09 14:11:00,True,False,1,MODERATE
2026-06-09T00:00:00.000,9:10,BRONX,10461.0,40.84449,-73.84624,"
,  
(40.84449, -73.84624)",WILLIAMSBRIDGE RD,EASTCHESTER RD,,2,0,0,0,0,0,2,0,Driver Inattention/Distraction,Unspecified,,,,4905364,School Bus,Station Wagon/Sport Utility Vehicle,,,,2026-06-09 09:10:00,True,False,2,MODERATE
2026-06-09T00:00:00.000,0:40,UNKNOWN,,40.731144,-73.95948,"
,  
(40.731144, -73.95948)",JAVA ST,,,0,0,0,0,0,0,0,0,Unsafe Speed,Unspecified,,,,4905492,4 dr sedan,,,,,2026-06-09 00:40:00,False,False,0,NONE
2026-06-09T00:00:00.000,12:10,BROOKLYN,11217.0,40.68414,-73.989044,"
,  
(40.68414, -73.989044)",,,195       HOYT ST,0,0,0,0,0,0,0,0,Other Vehicular,Other Vehicular,,,,4905329,4 dr sedan,,,,,2026-06-09 12:10:00,False,False,0,NONE
2026-06-09T00:00:00.000,20:00,BROOKLYN,11213.0,40.66925,-73.93943,"
,  
(40.66925, -73.93943)",EASTERN PKWY,ALBANY AVE,,1,0,1,0,0,0,0,0,Failure to Yield Right-of-Way,,,,,4905463,4 dr sedan,,,,,2026-06-09 20:00:00,True,False,1,MODERATE
2026-06-09T00:00:00.000,15:30,BROOKLYN,11215.0,40.675076,-73.988,"
,  
(40.675076, -73.988)",3 AVE,3 ST,,1,0,0,0,0,0,1,0,Driver Inattention/Distraction,Unspecified,,,,4905375,Sedan,DUMP,,,,2026-06-09 15:30:00,True,False,1,MODERATE
2026-06-09T00:00:00.000,21:45,MANHATTAN,10011.0,40.732925,-74.00007,"
,  
(40.732925, -74.00007)",WAVERLY PL,AVENUE OF THE AMERICAS,,1,0,0,0,1,0,0,0,Failure to Yield Right-of-Way,Unspecified,,,,4905464,Sedan,BICY,,,,2026-06-09 21:45:00,True,False,1,MODERATE
2026-06-09T00:00:00.000,7:14,UNKNOWN,,40.88883,-73.81516,"
,  
(40.88883, -73.81516)",HUTCHINSON RIVER PARKWAY,,,1,0,0,0,0,0,1,0,Following Too Closely,Unspecified,,,,4905425,4 dr sedan,4 dr sedan,,,,2026-06-09 07:14:00,True,False,1,MODERATE
2026-06-09T00:00:00.000,1:07,BROOKLYN,11219.0,40.635345,-73.98329,"
,  
(40.635345, -73.98329)",,,1529      43 ST,0,0,0,0,0,0,0,0,Driver Inattention/Distraction,Unspecified,,,,4905094,4 dr sedan,Station Wagon/Sport Utility Vehicle,,,,2026-06-09 01:07:00,False,False,0,NONE
2026-06-09T00:00:00.000,21:25,BROOKLYN,11234.0,40.614212,-73.920105,"
,  
(40.614212, -73.920105)",PEARSON ST,AVENUE T,,2,0,0,0,0,0,2,0,Unspecified,Unspecified,,,,4905352,4 dr sedan,Station Wagon/Sport Utility Vehicle,,,,2026-06-09 21:25:00,True,False,2,MODERATE
2026-06-09T00:00:00.000,5:27,UNKNOWN,,40.740364,-73.89971,"
,  
(40.740364, -73.89971)",65 PL,LAUREL HILL BLVD,,0,0,0,0,0,0,0,0,Unspecified,,,,,4905155,4 dr sedan,,,,,2026-06-09 05:27:00,False,False,0,NONE
2026-06-09T00:00:00.000,17:50,MANHATTAN,10025.0,40.80111,-73.96521,"
,  
(40.80111, -73.96521)",AMSTERDAM AVE,W 107 ST,,1,0,0,0,1,0,0,0,Unspecified,Unspecified,Unspecified,,,4905328,4 dr sedan,EBIK,Station Wagon/Sport Utility Vehicle,,,2026-06-09 17:50:00,True,False,1,MODERATE
2026-06-09T00:00:00.000,7:30,UNKNOWN,,40.88465,-73.826614,"
,  
(40.88465, -73.826614)",HOLLERS AVE,,,1,0,0,0,0,0,1,0,Turning Improperly,Unspecified,,,,4905429,4 dr sedan,CMIX,,,,2026-06-09 07:30:00,True,False,1,MODERATE
2026-06-09T00:00:00.000,11:50,BROOKLYN,11238.0,40.674,-73.96039,"
,  
(40.674, -73.96039)",CLASSON AVE,STERLING PL,,0,0,0,0,0,0,0,0,Other Vehicular,Pedestrian/Bicyclist/Other Pedestrian Error/Confusion,,,,4905366,4 dr sedan,BICY,,,,2026-06-09 11:50:00,False,False,0,NONE
2026-06-09T00:00:00.000,7:30,UNKNOWN,,40.692593,-73.915504,"
,  
(40.692593, -73.915504)",MADISON ST,,,0,0,0,0,0,0,0,0,Backing Unsafely,Unspecified,,,,4905749,Station Wagon/Sport Utility Vehicle,4 dr sedan,,,,2026-06-09 07:30:00,False,False,0,NONE
2026-06-09T00:00:00.000,15:00,BROOKLYN,11222.0,40.722183,-73.93873,"
,  
(40.722183, -73.93873)",MORGAN AVE,LOMBARDY ST,,1,0,0,0,0,0,1,0,Failure to Yield Right-of-Way,Unspecified,,,,4905401,Van,Pick-up Truck,,,,2026-06-09 15:00:00,True,False,1,MODERATE
2026-06-09T00:00:00.000,5:15,BRONX,10456.0,40.83288,-73.91019,"
,  
(40.83288, -73.91019)",,,1232      CLAY AVE,0,0,0,0,0,0,0,0,Other Vehicular,Fell Asleep,Unspecified,,,4905261,4 dr sedan,4 dr sedan,4 dr sedan,,,2026-06-09 05:15:00,False,False,0,NONE
2026-06-09T00:00:00.000,8:30,QUEENS,11372.0,40.756744,-73.87565,"
,  
(40.756744, -73.87565)",,,92-15     NORTHERN BLVD,1,0,0,0,0,0,1,0,Alcohol Involvement,Unspecified,,,,4905275,4 dr sedan,Van,,,,2026-06-09 08:30:00,True,False,1,MODERATE
2026-06-09T00:00:00.000,19:00,BROOKLYN,11236.0,40.64111,-73.906555,"
,  
(40.64111, -73.906555)",,,1167      REMSEN AVE,0,0,0,0,0,0,0,0,Unspecified,Unspecified,,,,4905545,4 dr sedan,,,,,2026-06-09 19:00:00,False,False,0,NONE
2026-06-09T00:00:00.000,19:43,BROOKLYN,11229.0,0.0,0.0,"
,  
(0.0, 0.0)",,,1950      GERRITSEN AVE,0,0,0,0,0,0,0,0,Tire Failure/Inadequate,Unspecified,,,,4905345,Station Wagon/Sport Utility Vehicle,Pick-up Truck,,,,2026-06-09 19:43:00,False,False,0,NONE
2026-06-09T00:00:00.000,18:07,BRONX,10467.0,40.885693,-73.86164,"
,  
(40.885693, -73.86164)",WHITE PLAINS RD,E 222 ST,,1,0,0,0,0,0,0,0,Unspecified,Unspecified,,,,4905686,Station Wagon/Sport Utility Vehicle,ESST,,,,2026-06-09 18:07:00,True,False,1,MODERATE
2026-06-09T00:00:00.000,7:09,BROOKLYN,11234.0,40.621166,-73.939995,"
,  
(40.621166, -73.939995)",KINGS HWY,E 36 ST,,0,0,0,0,0,0,0,0,Turning Improperly,Unspecified,,,,4905244,4 dr sedan,,,,,2026-06-09 07:09:00,False,False,0,NONE
2026-06-09T00:00:00.000,9:45,MANHATTAN,10037.0,40.808853,-73.93626,"
,  
(40.808853, -73.93626)",E 131 ST,PARK AVE,,0,0,0,0,0,0,0,0,Driver Inattention/Distraction,Unspecified,,,,4905477,Station Wagon/Sport Utility Vehicle,UN/C,,,,2026-06-09 09:45:00,False,False,0,NONE
2026-06-09T00:00:00.000,13:46,QUEENS,11411.0,40.688187,-73.73185,"
,  
(40.688187, -73.73185)",,,119-18    232 ST,0,0,0,0,0,0,0,0,Backing Unsafely,Unspecified,,,,4905554,Station Wagon/Sport Utility Vehicle,Van,,,,2026-06-09 13:46:00,False,False,0,NONE
2026-06-09T00:00:00.000,12:25,MANHATTAN,10022.0,40.75895,-73.96848,"
,  
(40.75895, -73.96848)",E 55 ST,3 AVE,,0,0,0,0,0,0,0,0,Passing Too Closely,Passing Too Closely,,,,4905267,4 dr sedan,Station Wagon/Sport Utility Vehicle,,,,2026-06-09 12:25:00,False,False,0,NONE
2026-06-09T00:00:00.000,5:40,QUEENS,11374.0,40.718277,-73.86357,"
,  
(40.718277, -73.86357)",WOODHAVEN BLVD,66 AVE,,0,0,0,0,0,0,0,0,Unspecified,Unspecified,,,,4905380,4 dr sedan,4 dr sedan,,,,2026-06-09 05:40:00,False,False,0,NONE
2026-06-09T00:00:00.000,17:52,UNKNOWN,,40.687534,-73.97749,"
,  
(40.687534, -73.97749)",ST FELIX ST,,,1,0,0,0,1,0,0,0,Failure to Yield Right-of-Way,Unspecified,,,,4905719,Station Wagon/Sport Utility Vehicle,BICY,,,,2026-06-09 17:52:00,True,False,1,MODERATE
2026-06-09T00:00:00.000,19:41,MANHATTAN,10033.0,40.844246,-73.933716,"
,  
(40.844246, -73.933716)",AMSTERDAM AVE,W 175 ST,,0,0,0,0,0,0,0,0,Other Vehicular,Following Too Closely,,,,4905338,4 dr sedan,,,,,2026-06-09 19:41:00,False,False,0,NONE
2026-06-09T00:00:00.000,10:30,BROOKLYN,11222.0,40.722034,-73.93892,"
,  
(40.722034, -73.93892)",,,52        LOMBARDY ST,0,0,0,0,0,0,0,0,Glare,,,,,4905390,Station Wagon/Sport Utility Vehicle,,,,,2026-06-09 10:30:00,False,False,0,NONE
2026-06-09T00:00:00.000,13:45,QUEENS,11435.0,40.70058,-73.80774,"
,  
(40.70058, -73.80774)",SUTPHIN BLVD,ARCHER AVE,,1,0,1,0,0,0,0,0,Failure to Yield Right-of-Way,,,,,4905530,MOPD,,,,,2026-06-09 13:45:00,True,False,1,MODERATE
2026-06-09T00:00:00.000,1:20,MANHATTAN,10001.0,40.743973,-73.98883,"
,  
(40.743973, -73.98883)",,,1140      BROADWAY,2,0,0,0,0,0,2,0,Aggressive Driving/Road Rage,,,,,4905179,4 dr sedan,,,,,2026-06-09 01:20:00,True,False,2,MODERATE
2026-06-09T00:00:00.000,22:45,QUEENS,11355.0,0.0,0.0,"
,  
(0.0, 0.0)",,,135-54    MAPLE AVE,1,0,0,0,0,0,1,0,Unspecified,Unspecified,,,,4905665,Station Wagon/Sport Utility Vehicle,Station Wagon/Sport Utility Vehicle,,,,2026-06-09 22:45:00,True,False,1,MODERATE
2026-06-09T00:00:00.000,17:55,UNKNOWN,,40.652554,-73.92077,"
,  
(40.652554, -73.92077)",CHURCH AVE,RALPH AVE,,2,0,0,0,0,0,2,0,Unspecified,Unspecified,,,,4905310,4 dr sedan,MOPD,,,,2026-06-09 17:55:00,True,False,2,MODERATE
2026-06-09T00:00:00.000,21:06,UNKNOWN,,40.61261,-74.15164,"
,  
(40.61261, -74.15164)",,,519       WILLOW RD E,0,0,0,0,0,0,0,0,Unspecified,Unspecified,Unspecified,Unspecified,,4905564,4 dr sedan,4 dr sedan,4 dr sedan,4 dr sedan,,2026-06-09 21:06:00,False,False,0,NONE
2026-06-09T00:00:00.000,18:27,UNKNOWN,,40.831493,-73.82141,"
,  
(40.831493, -73.82141)",THROGS NECK EXPY,,,0,0,0,0,0,0,0,0,Driver Inattention/Distraction,Driver Inattention/Distraction,,,,4905481,4 dr sedan,DELV,,,,2026-06-09 18:27:00,False,False,0,NONE
2026-06-09T00:00:00.000,18:37,BROOKLYN,11233.0,40.671608,-73.91695,"
,  
(40.671608, -73.91695)",PARK PL,SARATOGA AVE,,0,0,0,0,0,0,0,0,Driver Inattention/Distraction,Unspecified,,,,4905416,Pick-up Truck,4 dr sedan,,,,2026-06-09 18:37:00,False,False,0,NONE
2026-06-09T00:00:00.000,18:40,BROOKLYN,11201.0,40.69985,-73.99103,"
,  
(40.69985, -73.99103)",CADMAN PLZ W,MIDDAGH ST,,1,0,1,0,0,0,0,0,Passing or Lane Usage Improper,,,,,4905442,EBIK,,,,,2026-06-09 18:40:00,True,False,1,MODERATE
2026-06-09T00:00:00.000,17:22,QUEENS,11377.0,40.74729,-73.91212,"
,  
(40.74729, -73.91212)",52 ST,39 DR,,1,0,0,0,1,0,0,0,Driver Inattention/Distraction,Unspecified,,,,4905356,Station Wagon/Sport Utility Vehicle,EBIK,,,,2026-06-09 17:22:00,True,False,1,MODERATE
2026-06-09T00:00:00.000,7:50,BRONX,10467.0,40.875214,-73.867035,"
,  
(40.875214, -73.867035)",WHITE PLAINS RD,MAGENTA ST,,2,0,0,0,0,0,0,0,Unspecified,Unspecified,,,,4905695,Taxi,ESST,,,,2026-06-09 07:50:00,True,False,2,MODERATE
2026-06-09T00:00:00.000,0:00,QUEENS,11419.0,40.687668,-73.81169,"
,  
(40.687668, -73.81169)",107 AVE,133 ST,,0,0,0,0,0,0,0,0,Driver Inattention/Distraction,Other Vehicular,36,,,4905389,Station Wagon/Sport Utility Vehicle,4 dr sedan,4 dr sedan,,,2026-06-09 00:00:00,False,False,0,NONE
2026-06-09T00:00:00.000,11:44,BRONX,10451.0,0.0,0.0,"
,  
(0.0, 0.0)",,,383       MORRIS AVE,0,0,0,0,0,0,0,0,Driverless/Runaway Vehicle,Other Vehicular,Other Vehicular,,,4905575,4 dr sedan,Station Wagon/Sport Utility Vehicle,4 dr sedan,,,2026-06-09 11:44:00,False,False,0,NONE
2026-06-09T00:00:00.000,0:05,UNKNOWN,,40.574795,-74.19028,"
,  
(40.574795, -74.19028)",WEST SHORE EXPRESSWAY,,,0,0,0,0,0,0,0,0,Unsafe Speed,Unspecified,Unspecified,,,4905206,Station Wagon/Sport Utility Vehicle,Station Wagon/Sport Utility Vehicle,4 dr sedan,,,2026-06-09 00:05:00,False,False,0,NONE
2026-06-09T00:00:00.000,16:19,BROOKLYN,11214.0,40.582417,-73.98843,"
,  
(40.582417, -73.98843)",,,2970      CROPSEY AVE,0,0,0,0,0,0,0,0,Driverless/Runaway Vehicle,,,,,4905456,4 dr sedan,,,,,2026-06-09 16:19:00,False,False,0,NONE
2026-06-09T00:00:00.000,14:20,BROOKLYN,11217.0,40.6809,-73.9743,"
,  
(40.6809, -73.9743)",,,65        6 AVE,1,0,0,0,0,0,1,0,Driver Inattention/Distraction,Unspecified,,,,4905278,4 dr sedan,Station Wagon/Sport Utility Vehicle,,,,2026-06-09 14:20:00,True,False,1,MODERATE
2026-06-09T00:00:00.000,22:08,BROOKLYN,11225.0,40.65723,-73.96024,"
,  
(40.65723, -73.96024)",FLATBUSH AVE,HAWTHORNE ST,,1,0,0,0,1,0,0,0,Unspecified,Unspecified,,,,4905466,EBIK,4 dr sedan,,,,2026-06-09 22:08:00,True,False,1,MODERATE
2026-06-09T00:00:00.000,9:44,UNKNOWN,,40.84932,-73.945145,"
,  
(40.84932, -73.945145)",HENRY HUDSON PARKWAY,,,0,0,0,0,0,0,0,0,Unspecified,Unspecified,,,,4905351,Pick-up Truck,Station Wagon/Sport Utility Vehicle,,,,2026-06-09 09:44:00,False,False,0,NONE
2026-06-09T00:00:00.000,14:24,UNKNOWN,,40.762386,-73.74293,"
,  
(40.762386, -73.74293)",DOUGLASTON PKWY,,,0,0,0,0,0,0,0,0,Following Too Closely,Unspecified,Unspecified,,,4905447,2 dr sedan,Station Wagon/Sport Utility Vehicle,Station Wagon/Sport Utility Vehicle,,,2026-06-09 14:24:00,False,False,0,NONE
2026-06-09T00:00:00.000,17:36,UNKNOWN,,40.583275,-73.982254,"
,  
(40.583275, -73.982254)",BELT PARKWAY,,,1,0,0,0,0,0,1,0,Unspecified,Unspecified,,,,4905409,Station Wagon/Sport Utility Vehicle,Station Wagon/Sport Utility Vehicle,,,,2026-06-09 17:36:00,True,False,1,MODERATE
2026-06-09T00:00:00.000,1:50,UNKNOWN,,40.769062,-73.88156,"
,  
(40.769062, -73.88156)",GRAND CENTRAL PKWY,,,3,0,0,0,0,0,3,0,Unspecified,Unspecified,,,,4905096,4 dr sedan,4 dr sedan,,,,2026-06-09 01:50:00,True,False,3,SEVERE
2026-06-09T00:00:00.000,18:25,BRONX,10451.0,40.813587,-73.931046,"
,  
(40.813587, -73.931046)",GERARD AVE,E 138 ST,,0,0,0,0,0,0,0,0,Failure to Yield Right-of-Way,Unspecified,,,,4905769,Station Wagon/Sport Utility Vehicle,School Bus,,,,2026-06-09 18:25:00,False,False,0,NONE
2026-06-09T00:00:00.000,16:40,MANHATTAN,10033.0,40.849922,-73.93147,"
,  
(40.849922, -73.93147)",W 183 ST,AUDUBON AVE,,0,0,0,0,0,0,0,0,Other Vehicular,,,,,4905560,4 dr sedan,,,,,2026-06-09 16:40:00,False,False,0,NONE
2026-06-09T00:00:00.000,9:13,MANHATTAN,10022.0,40.755775,-73.9681,"
,  
(40.755775, -73.9681)",,,969       2 AVE,1,0,1,0,0,0,0,0,Unspecified,,,,,4905266,4 dr sedan,,,,,2026-06-09 09:13:00,True,False,1,MODERATE
2026-06-09T00:00:00.000,11:35,UNKNOWN,,40.673786,-73.7638,"
,  
(40.673786, -73.7638)",BEDELL ST,FARMERS BLVD,,1,0,0,0,0,0,1,0,Traffic Control Disregarded,Unspecified,,,,4905268,MOPD,,,,,2026-06-09 11:35:00,True,False,1,MODERATE
2026-06-09T00:00:00.000,11:59,QUEENS,11421.0,40.69242,-73.8515,"
,  
(40.69242, -73.8515)",WOODHAVEN BLVD,88 AVE,,1,0,0,0,1,0,0,0,Passing or Lane Usage Improper,Failure to Yield Right-of-Way,,,,4905502,EBIK,,,,,2026-06-09 11:59:00,True,False,1,MODERATE
2026-06-09T00:00:00.000,14:00,STATEN ISLAND,10312.0,40.542526,-74.19702,"
,  
(40.542526, -74.19702)",STAFFORD AVE,HUGUENOT AVE,,0,0,0,0,0,0,0,0,Unsafe Speed,Unspecified,,,,4905287,Station Wagon/Sport Utility Vehicle,Pick-up Truck,,,,2026-06-09 14:00:00,False,False,0,NONE
2026-06-09T00:00:00.000,11:16,MANHATTAN,10021.0,40.767815,-73.96201,"
,  
(40.767815, -73.96201)",E 69 ST,3 AVE,,0,0,0,0,0,0,0,0,Driver Inattention/Distraction,Other Vehicular,,,,4905546,Van,Station Wagon/Sport Utility Vehicle,,,,2026-06-09 11:16:00,False,False,0,NONE
2026-06-09T00:00:00.000,17:28,UNKNOWN,,40.756718,-73.73918,"
,  
(40.756718, -73.73918)",DOUGLASTON PARKWAY,LONG ISLAND EXPRESSWAY,,0,0,0,0,0,0,0,0,Unspecified,Unspecified,,,,4905336,School Bus,Station Wagon/Sport Utility Vehicle,,,,2026-06-09 17:28:00,False,False,0,NONE
2026-06-09T00:00:00.000,10:35,UNKNOWN,,40.768032,-73.99585,"
,  
(40.768032, -73.99585)",W 52 ST,,,0,0,0,0,0,0,0,0,Unspecified,Unspecified,,,,4905598,Station Wagon/Sport Utility Vehicle,BICY,,,,2026-06-09 10:35:00,False,False,0,NONE
2026-06-09T00:00:00.000,7:00,QUEENS,11372.0,40.748318,-73.87741,"
,  
(40.748318, -73.87741)",89 ST,ROOSEVELT AVE,,1,0,1,0,0,0,0,0,Driver Inattention/Distraction,,,,,4905214,4 dr sedan,,,,,2026-06-09 07:00:00,True,False,1,MODERATE
2026-06-09T00:00:00.000,6:30,QUEENS,11415.0,40.703655,-73.82246,"
,  
(40.703655, -73.82246)",130 ST,HILLSIDE AVE,,0,0,0,0,0,0,0,0,Passing Too Closely,Unspecified,,,,4905503,4 dr sedan,,,,,2026-06-09 06:30:00,False,False,0,NONE
2026-06-09T00:00:00.000,17:46,MANHATTAN,10036.0,40.758575,-73.98505,"
,  
(40.758575, -73.98505)",W 46 ST,7 AVE,,0,0,0,0,0,0,0,0,Driver Inattention/Distraction,Driver Inattention/Distraction,,,,4905593,4 dr sedan,Taxi,,,,2026-06-09 17:46:00,False,False,0,NONE
2026-06-09T00:00:00.000,11:40,BRONX,10466.0,40.895153,-73.85509,"
,  
(40.895153, -73.85509)",,,730       E 236 ST,0,0,0,0,0,0,0,0,Other Vehicular,Passing Too Closely,,,,4905683,Van,,,,,2026-06-09 11:40:00,False,False,0,NONE
2026-06-09T00:00:00.000,7:45,UNKNOWN,,40.675465,-73.73384,"
,  
(40.675465, -73.73384)",LAURELTON PKWY,,,0,0,0,0,0,0,0,0,Following Too Closely,Unspecified,,,,4905249,Station Wagon/Sport Utility Vehicle,,,,,2026-06-09 07:45:00,False,False,0,NONE
2026-06-09T00:00:00.000,12:20,UNKNOWN,,40.716557,-73.82869,"
,  
(40.716557, -73.82869)",GRAND CENTRAL PKWY,,,0,0,0,0,0,0,0,0,Failure to Yield Right-of-Way,Unspecified,,,,4905283,4 dr sedan,Station Wagon/Sport Utility Vehicle,,,,2026-06-09 12:20:00,False,False,0,NONE
2026-06-09T00:00:00.000,11:31,UNKNOWN,,40.79488,-73.97636,"
,  
(40.79488, -73.97636)",RIVERSIDE DR,,,0,0,0,0,0,0,0,0,Other Vehicular,Unspecified,,,,4905327,2 dr sedan,UN/C,,,,2026-06-09 11:31:00,False,False,0,NONE
2026-06-09T00:00:00.000,6:00,BRONX,10459.0,40.82019,-73.89068,"
,  
(40.82019, -73.89068)",HUNTS POINT AVE,BRUCKNER BLVD,,0,0,0,0,0,0,0,0,Unspecified,Unspecified,,,,4905431,4 dr sedan,School Bus,,,,2026-06-09 06:00:00,False,False,0,NONE
2026-06-09T00:00:00.000,11:00,MANHATTAN,10026.0,40.803406,-73.949165,"
,  
(40.803406, -73.949165)",,,100       W 118 ST,0,0,0,0,0,0,0,0,Unspecified,Unspecified,,,,4905766,Station Wagon/Sport Utility Vehicle,UN/C,,,,2026-06-09 11:00:00,False,False,0,NONE
2026-06-09T00:00:00.000,13:25,UNKNOWN,,40.505527,-74.238174,"
,  
(40.505527, -74.238174)",HYLAN BLVD,,,1,0,1,0,0,0,0,0,Failure to Yield Right-of-Way,,,,,4905259,Station Wagon/Sport Utility Vehicle,,,,,2026-06-09 13:25:00,True,False,1,MODERATE
2026-06-09T00:00:00.000,4:58,UNKNOWN,,,,,HORACE HARDING EXPRESSWAY SR N,Marathon parkway,,0,0,0,0,0,0,0,0,Other Vehicular,Traffic Control Disregarded,,,,4905349,4 dr sedan,4 dr sedan,,,,2026-06-09 04:58:00,False,False,0,NONE
2026-06-09T00:00:00.000,8:00,QUEENS,11435.0,40.704613,-73.816605,"
,  
(40.704613, -73.816605)",,,87-55     138 ST,0,0,0,0,0,0,0,0,Reaction to Uninvolved Vehicle,Unspecified,,,,4905197,POLI,4 dr sedan,,,,2026-06-09 08:00:00,False,False,0,NONE
2026-06-09T00:00:00.000,12:12,BROOKLYN,11226.0,40.655594,-73.94716,"
,  
(40.655594, -73.94716)",NEW YORK AVE,CLARKSON AVE,,0,0,0,0,0,0,0,0,Driver Inattention/Distraction,Driver Inattention/Distraction,,,,4905315,Station Wagon/Sport Utility Vehicle,4 dr sedan,,,,2026-06-09 12:12:00,False,False,0,NONE
2026-06-09T00:00:00.000,20:12,UNKNOWN,,40.84482,-73.837,"
,  
(40.84482, -73.837)",HUTCHINSON RIVER PARKWAY,,,1,0,0,0,0,0,1,0,Driver Inexperience,Unspecified,,,,4905488,4 dr sedan,,,,,2026-06-09 20:12:00,True,False,1,MODERATE
2026-06-09T00:00:00.000,13:45,BROOKLYN,11235.0,40.588036,-73.9604,"
,  
(40.588036, -73.9604)",CONEY ISLAND AVE,KATHLEEN PL,,0,0,0,0,0,0,0,0,Turning Improperly,Other Vehicular,,,,4905296,POLI,UTIL,,,,2026-06-09 13:45:00,False,False,0,NONE
2026-06-09T00:00:00.000,18:30,QUEENS,11434.0,40.671593,-73.7798,"
,  
(40.671593, -73.7798)",134 AVE,157 ST,,2,0,0,0,0,0,2,0,Driver Inattention/Distraction,Unspecified,,,,4905599,Station Wagon/Sport Utility Vehicle,4 dr sedan,,,,2026-06-09 18:30:00,True,False,2,MODERATE
2026-06-09T00:00:00.000,0:00,MANHATTAN,10032.0,40.845486,-73.94373,"
,  
(40.845486, -73.94373)",RIVERSIDE DR,HENRY HUDSON PKWY EXIT 14 S SB,,0,0,0,0,0,0,0,0,Driver Inattention/Distraction,Unspecified,,,,4905367,Van,Pick-up Truck,,,,2026-06-09 00:00:00,False,False,0,NONE
2026-06-09T00:00:00.000,16:30,MANHATTAN,10035.0,40.796795,-73.93445,"
,  
(40.796795, -73.93445)",,,2276      1 AVE,1,0,0,0,0,0,1,0,35,Unspecified,,,,4905543,Station Wagon/Sport Utility Vehicle,4 dr sedan,,,,2026-06-09 16:30:00,True,False,1,MODERATE
2026-06-09T00:00:00.000,18:21,BROOKLYN,11236.0,0.0,0.0,"
,  
(0.0, 0.0)",,,8124      FOSTER AVE,0,0,0,0,0,0,0,0,Driver Inattention/Distraction,Unspecified,,,,4905657,4 dr sedan,4 dr sedan,,,,2026-06-09 18:21:00,False,False,0,NONE
2026-06-09T00:00:00.000,7:58,BRONX,10455.0,40.812748,-73.90864,"
,  
(40.812748, -73.90864)",,,535       CONCORD AVE,0,0,0,0,0,0,0,0,Following Too Closely,Aggressive Driving/Road Rage,,,,4905574,4 dr sedan,4 dr sedan,,,,2026-06-09 07:58:00,False,False,0,NONE
2026-06-09T00:00:00.000,15:00,QUEENS,11357.0,40.78687,-73.81493,"
,  
(40.78687, -73.81493)",,,149-34    CROSS ISLAND PKWY,1,0,0,0,0,0,1,0,Driver Inattention/Distraction,Unspecified,Unspecified,,,4905420,4 dr sedan,4 dr sedan,4 dr sedan,,,2026-06-09 15:00:00,True,False,1,MODERATE
2026-06-09T00:00:00.000,15:43,BRONX,10462.0,40.853542,-73.86754,"
,  
(40.853542, -73.86754)",,,2100      WHITE PLAINS RD,1,0,0,0,0,0,1,0,Driver Inattention/Distraction,,,,,4905361,4 dr sedan,,,,,2026-06-09 15:43:00,True,False,1,MODERATE
2026-06-09T00:00:00.000,20:39,QUEENS,11427.0,40.724693,-73.75409,"
,  
(40.724693, -73.75409)",HILLSIDE AVE,212 ST,,1,0,1,0,0,0,0,0,Unspecified,,,,,4905355,,,,,,2026-06-09 20:39:00,True,False,1,MODERATE
2026-06-09T00:00:00.000,5:01,UNKNOWN,,40.78449,-73.77345,"
,  
(40.78449, -73.77345)",CROSS ISLAND PARKWAY,,,0,0,0,0,0,0,0,0,Tire Failure/Inadequate,Other Vehicular,Other Vehicular,,,4905169,4 dr sedan,Station Wagon/Sport Utility Vehicle,4 dr sedan,,,2026-06-09 05:01:00,False,False,0,NONE
2026-06-09T00:00:00.000,13:43,UNKNOWN,,40.825623,-73.859406,"
,  
(40.825623, -73.859406)",WHITE PLAINS RD,BRUCKNER BLVD,,1,0,1,0,0,0,0,0,Failure to Yield Right-of-Way,,,,,4905276,Station Wagon/Sport Utility Vehicle,,,,,2026-06-09 13:43:00,True,False,1,MODERATE
2026-06-09T00:00:00.000,15:28,UNKNOWN,,40.72662,-73.757324,"
,  
(40.72662, -73.757324)",CLEARVIEW EXPRESSWAY,,,0,0,0,0,0,0,0,0,Driver Inattention/Distraction,Unspecified,,,,4905392,Sedan,,,,,2026-06-09 15:28:00,False,False,0,NONE
2026-06-09T00:00:00.000,13:40,UNKNOWN,,40.868523,-73.83258,"
,  
(40.868523, -73.83258)",NEW ENGLAND THRUWAY,,,0,0,0,0,0,0,0,0,Driver Inattention/Distraction,Unspecified,,,,4905405,4 dr sedan,Van,,,,2026-06-09 13:40:00,False,False,0,NONE
2026-06-09T00:00:00.000,17:16,MANHATTAN,10003.0,40.73602,-73.98227,"
,  
(40.73602, -73.98227)",E 20 ST,2 AVE,,1,0,0,0,1,0,0,0,Driver Inexperience,Unspecified,,,,4905480,4 dr sedan,BICY,,,,2026-06-09 17:16:00,True,False,1,MODERATE
2026-06-09T00:00:00.000,23:40,BROOKLYN,11219.0,40.62731,-74.00372,"
,  
(40.62731, -74.00372)",65 ST,12 AVE,,0,0,0,0,0,0,0,0,Unspecified,Unspecified,,,,4905378,Van,Station Wagon/Sport Utility Vehicle,,,,2026-06-09 23:40:00,False,False,0,NONE
2026-06-09T00:00:00.000,6:53,UNKNOWN,,40.746883,-73.76348,"
,  
(40.746883, -73.76348)",LONG ISLAND EXPRESSWAY,,,2,0,0,0,0,0,2,0,Unsafe Speed,Following Too Closely,,,,4905339,Station Wagon/Sport Utility Vehicle,TRAC,,,,2026-06-09 06:53:00,True,False,2,MODERATE
2026-06-09T00:00:00.000,17:30,BRONX,10451.0,40.827812,-73.92593,"
,  
(40.827812, -73.92593)",E 161 ST,RIVER AVE,,0,0,0,0,0,0,0,0,Passing Too Closely,Unspecified,,,,4905521,4 dr sedan,,,,,2026-06-09 17:30:00,False,False,0,NONE
2026-06-09T00:00:00.000,15:30,STATEN ISLAND,10302.0,40.63728,-74.127846,"
,  
(40.63728, -74.127846)",RECTOR ST,RICHMOND TER,,1,0,0,0,0,0,1,0,Unspecified,Unspecified,,,,4905723,School Bus,4 dr sedan,,,,2026-06-09 15:30:00,True,False,1,MODERATE
2026-06-09T00:00:00.000,22:30,STATEN ISLAND,10305.0,40.601204,-74.06508,"
,  
(40.601204, -74.06508)",LILY POND AVE,NARROWS RD S,,0,0,0,0,0,0,0,1,Unsafe Speed,Turning Improperly,Unspecified,,,4905415,Motorcycle,4 dr sedan,Station Wagon/Sport Utility Vehicle,,,2026-06-09 22:30:00,False,False,0,NONE
2026-06-09T00:00:00.000,19:20,BROOKLYN,11214.0,0.0,0.0,"
,  
(0.0, 0.0)",,,266       AVENUE Z,0,0,0,0,0,0,0,0,Passing or Lane Usage Improper,Unspecified,,,,4905457,4 dr sedan,CNEQ,,,,2026-06-09 19:20:00,False,False,0,NONE
2026-06-09T00:00:00.000,15:59,BROOKLYN,11226.0,40.648533,-73.95826,"
,  
(40.648533, -73.95826)",SNYDER AVE,FLATBUSH AVE,,1,0,0,0,0,0,1,0,Other Vehicular,Driver Inattention/Distraction,,,,4905469,Station Wagon/Sport Utility Vehicle,4 dr sedan,,,,2026-06-09 15:59:00,True,False,1,MODERATE
2026-06-09T00:00:00.000,0:00,QUEENS,11377.0,40.74467,-73.895096,"
,  
(40.74467, -73.895096)",70 ST,41 AVE,,1,0,0,0,0,0,1,0,Traffic Control Disregarded,Unspecified,,,,4905116,4 dr sedan,,,,,2026-06-09 00:00:00,True,False,1,MODERATE
2026-06-09T00:00:00.000,14:45,BROOKLYN,11215.0,40.669014,-73.97918,"
,  
(40.669014, -73.97918)",,,500       5 ST,0,0,0,0,0,0,0,0,Driver Inattention/Distraction,,,,,4905360,Pick-up Truck,,,,,2026-06-09 14:45:00,False,False,0,NONE
2026-06-09T00:00:00.000,11:45,UNKNOWN,,40.601696,-74.12518,"
,  
(40.601696, -74.12518)",HAROLD ST,MOUNTAIN VIEW AVE,,1,0,0,0,0,0,1,0,Unspecified,Unspecified,,,,4905561,Station Wagon/Sport Utility Vehicle,4 dr sedan,,,,2026-06-09 11:45:00,True,False,1,MODERATE
2026-06-09T00:00:00.000,6:50,QUEENS,11369.0,40.764015,-73.88122,"
,  
(40.764015, -73.88122)",ASTORIA BLVD,88 ST,,1,0,0,0,0,0,1,0,Alcohol Involvement,Unspecified,,,,4905270,Sedan,Station Wagon/Sport Utility Vehicle,,,,2026-06-09 06:50:00,True,False,1,MODERATE
2026-06-09T00:00:00.000,21:00,BROOKLYN,11236.0,40.635956,-73.909004,"
,  
(40.635956, -73.909004)",,,974       E 84 ST,0,0,0,0,0,0,0,0,Unspecified,Unspecified,,,,4905548,Sedan,,,,,2026-06-09 21:00:00,False,False,0,NONE
2026-06-09T00:00:00.000,17:20,UNKNOWN,,40.74267,-73.82841,"
,  
(40.74267, -73.82841)",LONG ISLAND EXPRESSWAY,,,1,0,0,0,0,0,1,0,Following Too Closely,Unspecified,,,,4905419,Station Wagon/Sport Utility Vehicle,4 dr sedan,,,,2026-06-09 17:20:00,True,False,1,MODERATE
2026-06-09T00:00:00.000,12:48,BROOKLYN,11207.0,40.686653,-73.91314,"
,  
(40.686653, -73.91314)",ELDERT ST,BUSHWICK AVE,,0,0,0,0,0,0,0,0,Other Vehicular,Driver Inexperience,,,,4905440,Station Wagon/Sport Utility Vehicle,,,,,2026-06-09 12:48:00,False,False,0,NONE
2026-06-09T00:00:00.000,15:20,BRONX,10470.0,40.895973,-73.86538,"
,  
(40.895973, -73.86538)",,,341       E 233 ST,0,0,0,0,0,0,0,0,Unsafe Lane Changing,Unspecified,,,,4905708,Station Wagon/Sport Utility Vehicle,UTIL,,,,2026-06-09 15:20:00,False,False,0,NONE
2026-06-09T00:00:00.000,17:35,BROOKLYN,11222.0,40.723366,-73.94128,"
,  
(40.723366, -73.94128)",KINGSLAND AVE,DRIGGS AVE,,1,0,0,0,0,0,1,0,Failure to Yield Right-of-Way,Unspecified,,,,4905489,4 dr sedan,Pick-up Truck,,,,2026-06-09 17:35:00,True,False,1,MODERATE
2026-06-09T00:00:00.000,7:45,QUEENS,11434.0,40.667522,-73.780624,"
,  
(40.667522, -73.780624)",ROCKAWAY BLVD,N CONDUIT AVE,,1,0,1,0,0,0,0,0,Failure to Yield Right-of-Way,,,,,4905295,Taxi,,,,,2026-06-09 07:45:00,True,False,1,MODERATE
2026-06-09T00:00:00.000,19:34,MANHATTAN,10002.0,40.71877,-73.98244,"
,  
(40.71877, -73.98244)",,,91        PITT ST,1,0,0,0,1,0,0,0,Pedestrian/Bicyclist/Other Pedestrian Error/Confusion,Unspecified,,,,4905334,Station Wagon/Sport Utility Vehicle,BICY,,,,2026-06-09 19:34:00,True,False,1,MODERATE
2026-06-09T00:00:00.000,7:11,MANHATTAN,10017.0,40.75257,-73.96605,"
,  
(40.75257, -73.96605)",,,860       UNITED NATIONS PLZ,1,0,1,0,0,0,0,0,Unspecified,,,,,4905228,Taxi,,,,,2026-06-09 07:11:00,True,False,1,MODERATE
2026-06-09T00:00:00.000,15:35,BRONX,10472.0,40.830288,-73.87127,"
,  
(40.830288, -73.87127)",,,1688      WESTCHESTER AVE,1,0,0,0,1,0,0,0,Other Vehicular,Unspecified,,,,4905509,Station Wagon/Sport Utility Vehicle,BICY,,,,2026-06-09 15:35:00,True,False,1,MODERATE
2026-06-09T00:00:00.000,22:43,QUEENS,11420.0,40.684025,-73.81405,"
,  
(40.684025, -73.81405)",128 ST,HAWTREE CREEK RD,,1,0,0,0,0,0,1,0,Driver Inattention/Distraction,Unspecified,,,,4905387,Taxi,4 dr sedan,,,,2026-06-09 22:43:00,True,False,1,MODERATE
2026-06-09T00:00:00.000,16:01,BROOKLYN,11212.0,40.663975,-73.905655,"
,  
(40.663975, -73.905655)",,,600       MOTHER GASTON BLVD,0,0,0,0,0,0,0,0,Unspecified,,,,,4905301,4 dr sedan,,,,,2026-06-09 16:01:00,False,False,0,NONE
2026-06-09T00:00:00.000,18:40,BROOKLYN,11201.0,40.69533,-73.98309,"
,  
(40.69533, -73.98309)",,,301       GOLD ST,0,0,0,0,0,0,0,0,Driver Inattention/Distraction,Unspecified,,,,4905340,Van,4 dr sedan,,,,2026-06-09 18:40:00,False,False,0,NONE
2026-06-09T00:00:00.000,13:00,BROOKLYN,11216.0,40.685467,-73.95059,"
,  
(40.685467, -73.95059)",MONROE ST,NOSTRAND AVE,,1,0,1,0,0,0,0,0,Traffic Control Disregarded,,,,,4905726,MOPD,,,,,2026-06-09 13:00:00,True,False,1,MODERATE
2026-06-09T00:00:00.000,15:40,MANHATTAN,10019.0,40.763786,-73.9763,"
,  
(40.763786, -73.9763)",,,40        W 57 ST,0,0,0,0,0,0,0,0,Unspecified,Unspecified,Unspecified,,,4905594,BICY,4 dr sedan,4 dr sedan,,,2026-06-09 15:40:00,False,False,0,NONE
2026-06-09T00:00:00.000,18:45,BROOKLYN,11201.0,40.696198,-73.98876,"
,  
(40.696198, -73.98876)",ADAMS ST,TILLARY ST,,0,0,0,0,0,0,0,0,Driver Inexperience,Driver Inexperience,,,,4905603,4 dr sedan,MOPD,,,,2026-06-09 18:45:00,False,False,0,NONE
2026-06-09T00:00:00.000,7:30,BRONX,10469.0,40.859825,-73.84927,"
,  
(40.859825, -73.84927)",WILSON AVE,ASTOR AVE,,1,0,0,0,0,0,1,0,Traffic Control Disregarded,Unspecified,,,,4905213,Station Wagon/Sport Utility Vehicle,Station Wagon/Sport Utility Vehicle,,,,2026-06-09 07:30:00,True,False,1,MODERATE
2026-06-09T00:00:00.000,20:55,BROOKLYN,11249.0,40.70166,-73.96146,"
,  
(40.70166, -73.96146)",WYTHE AVE,WILLIAMSBURG ST W,,0,0,0,0,0,0,0,0,Reaction to Uninvolved Vehicle,,,,,4905445,Van,,,,,2026-06-09 20:55:00,False,False,0,NONE
2026-06-09T00:00:00.000,10:36,BROOKLYN,11229.0,40.594437,-73.940926,"
,  
(40.594437, -73.940926)",,,3674      NOSTRAND AVE,1,0,0,0,0,0,1,0,Driver Inattention/Distraction,Unspecified,,,,4905265,4 dr sedan,Station Wagon/Sport Utility Vehicle,,,,2026-06-09 10:36:00,True,False,1,MODERATE
2026-06-09T00:00:00.000,19:20,UNKNOWN,,40.73965,-73.84551,"
,  
(40.73965, -73.84551)",G.C.P / L.I.E. (CDR),,,1,0,0,0,0,0,1,0,Driver Inattention/Distraction,Unspecified,,,,4905520,4 dr sedan,MOPD,,,,2026-06-09 19:20:00,True,False,1,MODERATE
2026-06-09T00:00:00.000,1:00,MANHATTAN,10016.0,40.74668,-73.974495,"
,  
(40.74668, -73.974495)",E 37 ST,2 AVE,,0,0,0,0,0,0,0,0,Passing Too Closely,Unspecified,,,,4905191,POLI,Station Wagon/Sport Utility Vehicle,,,,2026-06-09 01:00:00,False,False,0,NONE
2026-06-09T00:00:00.000,18:00,BROOKLYN,11234.0,40.62606,-73.91593,"
,  
(40.62606, -73.91593)",,,2179      RALPH AVE,1,0,1,0,0,0,0,0,Unspecified,,,,,4905350,4 dr sedan,,,,,2026-06-09 18:00:00,True,False,1,MODERATE
2026-06-09T00:00:00.000,1:00,MANHATTAN,10020.0,40.75927,-73.98089,"
,  
(40.75927, -73.98089)",W 49 ST,AVENUE OF THE AMERICAS,,1,0,0,0,1,0,0,0,Unspecified,Unspecified,,,,4905592,POLI,BICY,,,,2026-06-09 01:00:00,True,False,1,MODERATE
2026-06-09T00:00:00.000,11:47,MANHATTAN,10010.0,40.73883,-73.98315,"
,  
(40.73883, -73.98315)",E 23 ST,3 AVE,,0,0,0,0,0,0,0,0,Passing or Lane Usage Improper,Unspecified,,,,4905484,Van,Station Wagon/Sport Utility Vehicle,,,,2026-06-09 11:47:00,False,False,0,NONE
2026-06-09T00:00:00.000,6:18,UNKNOWN,,40.68195,-73.89652,"
,  
(40.68195, -73.89652)",JACKIE ROBINSON PKWY,,,2,0,0,0,0,0,2,0,Unspecified,Unspecified,,,,4905281,4 dr sedan,Station Wagon/Sport Utility Vehicle,,,,2026-06-09 06:18:00,True,False,2,MODERATE
2026-06-09T00:00:00.000,22:45,STATEN ISLAND,10309.0,40.555477,-74.21396,"
,  
(40.555477, -74.21396)",,,2354      ARTHUR KILL RD,0,0,0,0,0,0,0,0,Fell Asleep,Unspecified,,,,4905395,4 dr sedan,4 dr sedan,,,,2026-06-09 22:45:00,False,False,0,NONE
2026-06-09T00:00:00.000,22:26,UNKNOWN,,40.670887,-73.93649,"
,  
(40.670887, -73.93649)",ST JOHNS PL,,,0,0,0,0,0,0,0,0,Unspecified,Unspecified,Unspecified,Unspecified,,4905369,4 dr sedan,4 dr sedan,4 dr sedan,,,2026-06-09 22:26:00,False,False,0,NONE
2026-06-09T00:00:00.000,11:20,BRONX,10452.0,40.844795,-73.91586,"
,  
(40.844795, -73.91586)",W MOUNT EDEN AVE,INWOOD AVE,,1,0,1,0,0,0,0,0,Driver Inattention/Distraction,,,,,4905761,4 dr sedan,,,,,2026-06-09 11:20:00,True,False,1,MODERATE
2026-06-09T00:00:00.000,12:29,MANHATTAN,10037.0,40.81626,-73.93832,"
,  
(40.81626, -73.93832)",,,70        W 139 ST,0,0,0,0,0,0,0,0,Passing Too Closely,Unspecified,,,,4905407,4 dr sedan,,,,,2026-06-09 12:29:00,False,False,0,NONE
2026-06-09T00:00:00.000,10:00,BRONX,10462.0,0.0,0.0,"
,  
(0.0, 0.0)",,,1550      WHITE PLAINS RD,0,0,0,0,0,0,0,0,Passing or Lane Usage Improper,Unspecified,,,,4905277,ESST,Station Wagon/Sport Utility Vehicle,,,,2026-06-09 10:00:00,False,False,0,NONE
2026-06-09T00:00:00.000,11:53,MANHATTAN,10002.0,40.719025,-73.98977,"
,  
(40.719025, -73.98977)",DELANCEY ST,ORCHARD ST,,0,0,0,0,0,0,0,0,Following Too Closely,Unspecified,,,,4905256,4 dr sedan,4 dr sedan,,,,2026-06-09 11:53:00,False,False,0,NONE
2026-06-09T00:00:00.000,7:50,UNKNOWN,,40.684277,-73.78301,"
,  
(40.684277, -73.78301)",FOCH BLVD,,,1,0,1,0,0,0,0,0,Driver Inattention/Distraction,,,,,4905541,,,,,,2026-06-09 07:50:00,True,False,1,MODERATE
2026-06-09T00:00:00.000,14:04,BROOKLYN,11220.0,40.64204,-74.02039,"
,  
(40.64204, -74.02039)",60 ST,3 AVE,,0,0,0,0,0,0,0,0,Unspecified,Unspecified,,,,4905627,Station Wagon/Sport Utility Vehicle,FLAT,,,,2026-06-09 14:04:00,False,False,0,NONE
2026-06-09T00:00:00.000,10:40,UNKNOWN,,40.604996,-73.99427,"
,  
(40.604996, -73.99427)",83 ST,,,0,0,0,0,0,0,0,0,Unspecified,,,,,4905318,DELV,,,,,2026-06-09 10:40:00,False,False,0,NONE
2026-06-09T00:00:00.000,22:37,QUEENS,11355.0,40.74268,-73.82055,"
,  
(40.74268, -73.82055)",,,148-01    59 AVE,0,0,0,0,0,0,0,0,Unspecified,Unspecified,,,,4905421,Station Wagon/Sport Utility Vehicle,UN/C,,,,2026-06-09 22:37:00,False,False,0,NONE
2026-06-09T00:00:00.000,17:57,BRONX,10454.0,40.80879,-73.92251,"
,  
(40.80879, -73.92251)",,,410       E 138 ST,0,0,0,0,0,0,0,0,Turning Improperly,Other Vehicular,,,,4905570,4 dr sedan,ESST,,,,2026-06-09 17:57:00,False,False,0,NONE
2026-06-09T00:00:00.000,19:34,MANHATTAN,10037.0,40.809498,-73.93581,"
,  
(40.809498, -73.93581)",E 132 ST,PARK AVE,,1,0,0,0,1,0,0,0,Unspecified,Unspecified,,,,4905479,Station Wagon/Sport Utility Vehicle,EBIK,,,,2026-06-09 19:34:00,True,False,1,MODERATE
2026-06-09T00:00:00.000,10:12,UNKNOWN,,40.664314,-73.752106,"
,  
(40.664314, -73.752106)",226 ST,144 AVE,,2,0,0,0,0,0,2,0,Driver Inattention/Distraction,Unspecified,,,,4905250,4 dr sedan,UTV,,,,2026-06-09 10:12:00,True,False,2,MODERATE
2026-06-09T00:00:00.000,0:24,BROOKLYN,11249.0,40.72019,-73.96321,"
,  
(40.72019, -73.96321)",,,22        N 6 ST,0,0,0,0,0,0,0,0,Driver Inattention/Distraction,Unspecified,Unspecified,,,4905174,4 dr sedan,Station Wagon/Sport Utility Vehicle,Station Wagon/Sport Utility Vehicle,,,2026-06-09 00:24:00,False,False,0,NONE
2026-06-09T00:00:00.000,17:18,UNKNOWN,,40.706085,-73.808495,"
,  
(40.706085, -73.808495)",148 ST,HILLSIDE AVE,,0,0,0,0,0,0,0,0,Failure to Yield Right-of-Way,Unspecified,,,,4905353,BICY,4 dr sedan,,,,2026-06-09 17:18:00,False,False,0,NONE
2026-06-09T00:00:00.000,14:05,BRONX,10466.0,40.899826,-73.84346,"
,  
(40.899826, -73.84346)",MURDOCK AVE,NEREID AVE,,0,0,0,0,0,0,0,0,Lost Consciousness,Unspecified,Unspecified,Unspecified,,4905436,UTIL,Sedan,Sedan,4 dr sedan,,2026-06-09 14:05:00,False,False,0,NONE
2026-06-09T00:00:00.000,16:15,UNKNOWN,,40.743114,-73.77114,"
,  
(40.743114, -73.77114)",CLEARVIEW EXPRESSWAY,,,1,0,0,0,0,0,1,0,Unspecified,Unspecified,,,,4905326,4 dr sedan,Van,,,,2026-06-09 16:15:00,True,False,1,MODERATE
2026-06-09T00:00:00.000,16:05,BROOKLYN,11233.0,40.678104,-73.904045,"
,  
(40.678104, -73.904045)",,,2399      FULTON ST,0,0,0,0,0,0,0,0,Turning Improperly,,,,,4905362,Van,,,,,2026-06-09 16:05:00,False,False,0,NONE
2026-06-09T00:00:00.000,9:44,BROOKLYN,11236.0,40.648354,-73.91,"
,  
(40.648354, -73.91)",E 94 ST,AVENUE D,,4,0,0,0,0,0,4,0,Unspecified,Unspecified,,,,4905512,Pick-up Truck,4 dr sedan,,,,2026-06-09 09:44:00,True,False,4,SEVERE
2026-06-09T00:00:00.000,12:51,MANHATTAN,10017.0,40.7488,-73.96985,"
,  
(40.7488, -73.96985)",E 42 ST,1 AVE,,0,0,0,0,0,0,0,0,Following Too Closely,Unspecified,,,,4905271,4 dr sedan,Station Wagon/Sport Utility Vehicle,,,,2026-06-09 12:51:00,False,False,0,NONE
2026-06-09T00:00:00.000,22:10,UNKNOWN,,40.6007,-74.12851,"
,  
(40.6007, -74.12851)",,,196       LIVINGSTON AVE,0,0,0,0,0,0,0,0,Unspecified,Unspecified,,,,4905562,Station Wagon/Sport Utility Vehicle,4 dr sedan,,,,2026-06-09 22:10:00,False,False,0,NONE
2026-06-09T00:00:00.000,12:00,QUEENS,11368.0,0.0,0.0,"
,  
(0.0, 0.0)",,,108-72    ROOSEVELT AVE,1,0,0,0,1,0,0,0,Unspecified,Unspecified,,,,4905491,BICY,4 dr sedan,,,,2026-06-09 12:00:00,True,False,1,MODERATE
2026-06-09T00:00:00.000,10:00,UNKNOWN,,40.585117,-73.91429,"
,  
(40.585117, -73.91429)",BELT PARKWAY,,,0,0,0,0,0,0,0,0,Unspecified,Unspecified,,,,4905264,Station Wagon/Sport Utility Vehicle,Station Wagon/Sport Utility Vehicle,,,,2026-06-09 10:00:00,False,False,0,NONE
2026-06-09T00:00:00.000,7:35,BROOKLYN,11203.0,40.650585,-73.92648,"
,  
(40.650585, -73.92648)",,,332       E 54 ST,0,0,0,0,0,0,0,0,Passing or Lane Usage Improper,Unspecified,,,,4905306,Station Wagon/Sport Utility Vehicle,,,,,2026-06-09 07:35:00,False,False,0,NONE
2026-06-09T00:00:00.000,5:43,QUEENS,11412.0,40.689877,-73.758514,"
,  
(40.689877, -73.758514)",,,118-40    192 ST,0,0,0,0,0,0,0,0,Unsafe Speed,Unspecified,Unspecified,Unspecified,,4905682,4 dr sedan,4 dr sedan,4 dr sedan,4 dr sedan,,2026-06-09 05:43:00,False,False,0,NONE
2026-06-09T00:00:00.000,14:37,QUEENS,11375.0,40.709732,-73.846306,"
,  
(40.709732, -73.846306)",METROPOLITAN AVE,72 DR,,1,0,0,0,1,0,0,0,Unspecified,Unspecified,,,,4905608,4 dr sedan,BICY,,,,2026-06-09 14:37:00,True,False,1,MODERATE
2026-06-09T00:00:00.000,7:00,MANHATTAN,10001.0,40.747276,-73.98962,"
,  
(40.747276, -73.98962)",W 30 ST,AVENUE OF THE AMERICAS,,0,0,0,0,0,0,0,0,Driver Inattention/Distraction,Unspecified,,,,4905229,UN/C,4 dr sedan,,,,2026-06-09 07:00:00,False,False,0,NONE
2026-06-09T00:00:00.000,19:00,STATEN ISLAND,10305.0,40.615246,-74.06662,"
,  
(40.615246, -74.06662)",,,1145      BAY ST,0,0,0,0,0,0,0,0,Unspecified,Unspecified,,,,4905411,4 dr sedan,,,,,2026-06-09 19:00:00,False,False,0,NONE
2026-06-09T00:00:00.000,0:00,MANHATTAN,10017.0,40.7488,-73.96985,"
,  
(40.7488, -73.96985)",1 AVE,E 42 ST,,1,0,0,0,0,0,1,0,Driver Inattention/Distraction,Driver Inattention/Distraction,,,,4905129,Taxi,Station Wagon/Sport Utility Vehicle,,,,2026-06-09 00:00:00,True,False,1,MODERATE
2026-06-09T00:00:00.000,1:00,BROOKLYN,11206.0,40.707493,-73.94849,"
,  
(40.707493, -73.94849)",,,48        MESEROLE ST,0,0,0,0,0,0,0,0,Driver Inattention/Distraction,Unspecified,,,,4905444,4 dr sedan,,,,,2026-06-09 01:00:00,False,False,0,NONE
2026-06-09T00:00:00.000,15:09,MANHATTAN,10016.0,40.74415,-73.98435,"
,  
(40.74415, -73.98435)",,,40        E 29 ST,1,0,0,0,1,0,0,0,Unspecified,Unspecified,,,,4905475,Taxi,BICY,,,,2026-06-09 15:09:00,True,False,1,MODERATE
2026-06-09T00:00:00.000,8:30,BROOKLYN,11206.0,40.692947,-73.94329,"
,  
(40.692947, -73.94329)",,,210       PULASKI ST,0,0,0,0,0,0,0,0,Other Vehicular,Other Vehicular,,,,4905359,Station Wagon/Sport Utility Vehicle,4 dr sedan,,,,2026-06-09 08:30:00,False,False,0,NONE
2026-06-09T00:00:00.000,1:31,MANHATTAN,10013.0,40.72065,-74.00063,"
,  
(40.72065, -74.00063)",,,458       BROADWAY,2,0,0,0,0,0,2,0,Unsafe Speed,,,,,4905711,2 dr sedan,,,,,2026-06-09 01:31:00,True,False,2,MODERATE
2026-06-09T00:00:00.000,16:01,MANHATTAN,10031.0,40.82269,-73.94946,"
,  
(40.82269, -73.94946)",W 141 ST,AMSTERDAM AVE,,3,0,0,0,0,0,3,0,Traffic Control Disregarded,Unspecified,,,,4905382,4 dr sedan,4 dr sedan,,,,2026-06-09 16:01:00,True,False,3,SEVERE
2026-06-09T00:00:00.000,20:25,UNKNOWN,,40.583588,-73.97151,"
,  
(40.583588, -73.97151)",BELT PARKWAY RAMP,,,1,0,0,0,0,0,1,0,Failure to Yield Right-of-Way,Unspecified,,,,4905458,Motorcycle,4 dr sedan,,,,2026-06-09 20:25:00,True,False,1,MODERATE
2026-06-09T00:00:00.000,11:00,QUEENS,11432.0,0.0,0.0,"
,  
(0.0, 0.0)",,,165-01    HIGHLAND AVE,1,0,1,0,0,0,0,0,Aggressive Driving/Road Rage,,,,,4905289,MOPD,,,,,2026-06-09 11:00:00,True,False,1,MODERATE
2026-06-09T00:00:00.000,7:35,BROOKLYN,11232.0,40.65376,-74.005005,"
,  
(40.65376, -74.005005)",4 AVE,37 ST,,1,0,0,0,1,0,0,0,View Obstructed/Limited,Unspecified,,,,4905209,BICY,4 dr sedan,,,,2026-06-09 07:35:00,True,False,1,MODERATE
2026-06-09T00:00:00.000,10:00,UNKNOWN,,40.72839,-73.83302,"
,  
(40.72839, -73.83302)",VAN WYCK EXPWY,,,1,0,0,0,0,0,1,0,Other Vehicular,Turning Improperly,,,,4905551,Station Wagon/Sport Utility Vehicle,UTIL,,,,2026-06-09 10:00:00,True,False,1,MODERATE
2026-06-09T00:00:00.000,15:55,QUEENS,11385.0,40.70219,-73.88016,"
,  
(40.70219, -73.88016)",71 ST,COOPER AVE,,0,0,0,0,0,0,0,0,Driver Inattention/Distraction,Unspecified,,,,4905732,Station Wagon/Sport Utility Vehicle,School Bus,,,,2026-06-09 15:55:00,False,False,0,NONE
2026-06-09T00:00:00.000,15:00,BROOKLYN,11219.0,40.6237,-73.99954,"
,  
(40.6237, -73.99954)",,,1416      66 ST,0,0,0,0,0,0,0,0,Driver Inattention/Distraction,Unspecified,,,,4905342,4 dr sedan,,,,,2026-06-09 15:00:00,False,False,0,NONE
2026-06-09T00:00:00.000,9:09,BROOKLYN,11216.0,40.6775,-73.947,"
,  
(40.6775, -73.947)",NEW YORK AVE,PACIFIC ST,,0,0,0,0,0,0,0,0,Driver Inattention/Distraction,Driver Inattention/Distraction,,,,4905332,4 dr sedan,4 dr sedan,,,,2026-06-09 09:09:00,False,False,0,NONE
2026-06-09T00:00:00.000,21:59,MANHATTAN,10019.0,40.760456,-73.983734,"
,  
(40.760456, -73.983734)",W 49 ST,7 AVE,,0,0,0,0,0,0,0,0,Passing or Lane Usage Improper,Unspecified,,,,4905595,Van,4 dr sedan,,,,2026-06-09 21:59:00,False,False,0,NONE
2026-06-09T00:00:00.000,12:09,MANHATTAN,10023.0,40.77468,-73.9822,"
,  
(40.77468, -73.9822)",BROADWAY,W 67 ST,,1,0,1,0,0,0,0,0,Driver Inattention/Distraction,,,,,4905377,Van,,,,,2026-06-09 12:09:00,True,False,1,MODERATE
2026-06-09T00:00:00.000,20:10,UNKNOWN,,40.670242,-73.907,"
,  
(40.670242, -73.907)",PITKIN AVE,,,1,0,0,0,0,0,1,0,Other Vehicular,Unspecified,,,,4905418,Station Wagon/Sport Utility Vehicle,MOPD,,,,2026-06-09 20:10:00,True,False,1,MODERATE
2026-06-09T00:00:00.000,6:30,UNKNOWN,,40.835087,-73.82538,"
,  
(40.835087, -73.82538)",BRUCKNER EXPRESSWAY,,,2,0,0,0,0,0,2,0,Backing Unsafely,Unspecified,,,,4905439,4 dr sedan,TRAC,,,,2026-06-09 06:30:00,True,False,2,MODERATE
2026-06-09T00:00:00.000,21:28,UNKNOWN,,40.85223,-73.87141,"
,  
(40.85223, -73.87141)",BRONX RIVER PARKWAY,,,1,0,0,0,0,0,1,0,Passing Too Closely,Unspecified,Unspecified,,,4905363,4 dr sedan,4 dr sedan,Van,,,2026-06-09 21:28:00,True,False,1,MODERATE
2026-06-09T00:00:00.000,21:18,QUEENS,11378.0,40.728046,-73.91479,"
,  
(40.728046, -73.91479)",,,56-01     55 AVE,0,0,0,0,0,0,0,0,Unspecified,Unspecified,,,,4905396,4 dr sedan,School Bus,,,,2026-06-09 21:18:00,False,False,0,NONE
2026-06-10T00:00:00.000,17:10,UNKNOWN,,40.764572,-73.724266,"
,  
(40.764572, -73.724266)",LONG ISLAND EXPRESSWAY,LITTLE NECK PARKWAY,,0,0,0,0,0,0,0,0,Driver Inattention/Distraction,Unspecified,,,,4905658,4 dr sedan,Station Wagon/Sport Utility Vehicle,,,,2026-06-10 17:10:00,False,False,0,NONE
2026-06-10T00:00:00.000,0:25,QUEENS,11420.0,40.677,-73.81964,"
,  
(40.677, -73.81964)",LEFFERTS BLVD,115 AVE,,0,0,0,0,0,0,0,0,Passing Too Closely,Unspecified,,,,4905383,4 dr sedan,Van,,,,2026-06-10 00:25:00,False,False,0,NONE
2026-06-10T00:00:00.000,20:10,UNKNOWN,,40.853546,-73.92432,"
,  
(40.853546, -73.92432)",HARLEM RIVER DRIVE,,,0,0,0,0,0,0,0,0,Following Too Closely,Unspecified,,,,4905693,2 dr sedan,4 dr sedan,,,,2026-06-10 20:10:00,False,False,0,NONE
2026-06-10T00:00:00.000,18:50,UNKNOWN,,40.60712,-73.81942,"
,  
(40.60712, -73.81942)",CROSS BAY BLVD,,,1,0,1,0,0,0,0,0,Driver Inattention/Distraction,,,,,4905745,Van,,,,,2026-06-10 18:50:00,True,False,1,MODERATE
2026-06-10T00:00:00.000,1:00,BRONX,10459.0,40.82175,-73.90056,"
,  
(40.82175, -73.90056)",,,920       PROSPECT AVE,0,0,0,0,0,0,0,0,View Obstructed/Limited,Unspecified,,,,4905434,BICY,,,,,2026-06-10 01:00:00,False,False,0,NONE
2026-06-10T00:00:00.000,20:30,UNKNOWN,,40.760494,-73.86139,"
,  
(40.760494, -73.86139)",108 ST,ASTORIA BLVD,,1,0,0,0,0,0,1,0,Driver Inattention/Distraction,Unspecified,,,,4905767,4 dr sedan,Van,,,,2026-06-10 20:30:00,True,False,1,MODERATE
2026-06-10T00:00:00.000,4:41,MANHATTAN,10029.0,40.79726,-73.94052,"
,  
(40.79726, -73.94052)",3 AVE,E 115 ST,,1,0,1,0,0,0,0,0,Failure to Yield Right-of-Way,,,,,4905487,Sedan,,,,,2026-06-10 04:41:00,True,False,1,MODERATE
2026-06-10T00:00:00.000,15:30,BROOKLYN,11217.0,40.683083,-73.97598,"
,  
(40.683083, -73.97598)",,,620       ATLANTIC AVE,0,0,0,0,0,0,0,0,Unsafe Lane Changing,Unspecified,,,,4905641,4 dr sedan,Motorcycle,,,,2026-06-10 15:30:00,False,False,0,NONE
2026-06-10T00:00:00.000,12:05,MANHATTAN,10003.0,40.73484,-73.989784,"
,  
(40.73484, -73.989784)",,,10        UNION SQ E,0,0,0,0,0,0,0,0,Driver Inattention/Distraction,Unspecified,,,,4905606,Van,Pick-up Truck,,,,2026-06-10 12:05:00,False,False,0,NONE
2026-06-10T00:00:00.000,7:32,QUEENS,11412.0,40.691883,-73.764114,"
,  
(40.691883, -73.764114)",LINDEN BLVD,MEXICO ST,,0,0,0,0,0,0,0,0,Unspecified,Unspecified,,,,4905542,4 dr sedan,2 dr sedan,,,,2026-06-10 07:32:00,False,False,0,NONE
2026-06-10T00:00:00.000,13:10,UNKNOWN,,40.688766,-73.99907,"
,  
(40.688766, -73.99907)",BROOKLYN QUEENS EXPRESSWAY,,,0,0,0,0,0,0,0,0,Unsafe Lane Changing,Unspecified,,,,4905581,4 dr sedan,DELV,,,,2026-06-10 13:10:00,False,False,0,NONE
2026-06-10T00:00:00.000,12:30,UNKNOWN,,40.65058,-73.757454,"
,  
(40.65058, -73.757454)",INTERNATIONAL AIRPORT CENTER BLV,EASTERN RD,,0,0,0,0,0,0,0,0,Following Too Closely,Following Too Closely,Unspecified,,,4905547,Station Wagon/Sport Utility Vehicle,Station Wagon/Sport Utility Vehicle,4 dr sedan,,,2026-06-10 12:30:00,False,False,0,NONE
2026-06-10T00:00:00.000,18:06,BROOKLYN,11233.0,40.67069,-73.91702,"
,  
(40.67069, -73.91702)",EASTERN PKWY,SARATOGA AVE,,1,0,1,0,0,0,0,0,Unspecified,,,,,4905630,4 dr sedan,,,,,2026-06-10 18:06:00,True,False,1,MODERATE
2026-06-10T00:00:00.000,7:55,BROOKLYN,11207.0,40.67035,-73.89742,"
,  
(40.67035, -73.89742)",BELMONT AVE,GEORGIA AVE,,0,0,0,0,0,0,0,0,Traffic Control Disregarded,Unspecified,,,,4905507,4 dr sedan,4 dr sedan,,,,2026-06-10 07:55:00,False,False,0,NONE
2026-06-10T00:00:00.000,19:00,MANHATTAN,10014.0,40.729565,-74.00455,"
,  
(40.729565, -74.00455)",,,72        CARMINE ST,1,0,0,0,1,0,0,0,Unspecified,Unspecified,,,,4905739,4 dr sedan,BICY,,,,2026-06-10 19:00:00,True,False,1,MODERATE
2026-06-10T00:00:00.000,10:35,MANHATTAN,10029.0,40.784943,-73.94659,"
,  
(40.784943, -73.94659)",2 AVE,E 97 ST,,1,0,0,0,1,0,0,0,Other Vehicular,Turning Improperly,,,,4905535,EBIK,Taxi,,,,2026-06-10 10:35:00,True,False,1,MODERATE
2026-06-10T00:00:00.000,14:07,BROOKLYN,11210.0,40.62731,-73.94182,"
,  
(40.62731, -73.94182)",FLATBUSH AVE,AVENUE J,,2,0,0,0,0,0,2,0,Turning Improperly,Unsafe Speed,,,,4905616,4 dr sedan,Station Wagon/Sport Utility Vehicle,,,,2026-06-10 14:07:00,True,False,2,MODERATE
2026-06-10T00:00:00.000,19:06,BRONX,10475.0,40.881405,-73.831375,"
,  
(40.881405, -73.831375)",,,2175      NEW ENGLAND TRWY,0,0,0,0,0,0,0,0,Following Too Closely,Unspecified,,,,4905703,UTIL,UN/T,,,,2026-06-10 19:06:00,False,False,0,NONE
2026-06-10T00:00:00.000,16:38,BROOKLYN,11215.0,40.674572,-73.9852,"
,  
(40.674572, -73.9852)",4 AVE,2 ST,,0,0,0,0,0,0,0,0,Driver Inattention/Distraction,Unspecified,,,,4905642,4 dr sedan,,,,,2026-06-10 16:38:00,False,False,0,NONE
2026-06-10T00:00:00.000,11:50,BROOKLYN,11204.0,40.60758,-73.98292,"
,  
(40.60758, -73.98292)",,,130       AVENUE P,0,0,0,0,0,0,0,0,Passing or Lane Usage Improper,Unspecified,,,,4905673,Station Wagon/Sport Utility Vehicle,4 dr sedan,,,,2026-06-10 11:50:00,False,False,0,NONE
2026-06-10T00:00:00.000,10:41,BRONX,10456.0,0.0,0.0,"
,  
(0.0, 0.0)",,,1207      BROOK AVE,0,0,0,0,0,0,0,0,Driver Inattention/Distraction,Unspecified,,,,4905565,Van,,,,,2026-06-10 10:41:00,False,False,0,NONE
2026-06-10T00:00:00.000,0:00,BROOKLYN,11231.0,40.680737,-74.00826,"
,  
(40.680737, -74.00826)",,,79        COMMERCE ST,0,0,0,0,0,0,0,0,Unspecified,Unspecified,,,,4905730,Pick-up Truck,,,,,2026-06-10 00:00:00,False,False,0,NONE
2026-06-10T00:00:00.000,16:22,MANHATTAN,10039.0,40.827724,-73.9372,"
,  
(40.827724, -73.9372)",,,263       W 153 ST,0,0,0,0,0,0,0,0,Other Vehicular,Unspecified,,,,4905679,School Bus,4 dr sedan,,,,2026-06-10 16:22:00,False,False,0,NONE
2026-06-10T00:00:00.000,11:34,BROOKLYN,11212.0,40.665627,-73.9097,"
,  
(40.665627, -73.9097)",ROCKAWAY AVE,BLAKE AVE,,0,0,0,0,0,0,0,0,Unspecified,Unspecified,,,,4905648,4 dr sedan,School Bus,,,,2026-06-10 11:34:00,False,False,0,NONE
2026-06-10T00:00:00.000,15:20,UNKNOWN,,40.693447,-73.91701,"
,  
(40.693447, -73.91701)",CENTRAL AVE,,,1,0,0,0,0,0,1,0,Driver Inexperience,Driver Inexperience,Unspecified,,,4905747,Station Wagon/Sport Utility Vehicle,4 dr sedan,4 dr sedan,,,2026-06-10 15:20:00,True,False,1,MODERATE
2026-06-10T00:00:00.000,1:00,STATEN ISLAND,10309.0,40.530308,-74.20268,"
,  
(40.530308, -74.20268)",FOSTER RD,ASHLAND AVE,,0,0,0,0,0,0,0,0,Driver Inattention/Distraction,,,,,4905399,Station Wagon/Sport Utility Vehicle,,,,,2026-06-10 01:00:00,False,False,0,NONE
2026-06-10T00:00:00.000,21:05,UNKNOWN,,40.738266,-73.79706,"
,  
(40.738266, -73.79706)",LONG ISLAND EXPRESSWAY,,,0,0,0,0,0,0,0,0,Following Too Closely,Following Too Closely,Following Too Closely,,,4905667,Station Wagon/Sport Utility Vehicle,,,,,2026-06-10 21:05:00,False,False,0,NONE
2026-06-10T00:00:00.000,6:00,UNKNOWN,,40.756134,-73.74047,"
,  
(40.756134, -73.74047)",LONG ISLAND EXPRESSWAY,,,0,0,0,0,0,0,0,0,Unspecified,Unspecified,Unspecified,,,4905448,DELV,TRAC,TRAC,,,2026-06-10 06:00:00,False,False,0,NONE
2026-06-10T00:00:00.000,16:30,MANHATTAN,10000.0,0.0,0.0,"
,  
(0.0, 0.0)",,,60-01     WEST DR,1,0,1,0,0,0,0,0,Unspecified,,,,,4905647,BICY,,,,,2026-06-10 16:30:00,True,False,1,MODERATE
2026-06-10T00:00:00.000,6:45,BROOKLYN,11204.0,40.624878,-73.990685,"
,  
(40.624878, -73.990685)",,,1630      59 ST,0,0,0,0,0,0,0,0,Driver Inattention/Distraction,,,,,4905572,4 dr sedan,,,,,2026-06-10 06:45:00,False,False,0,NONE
2026-06-10T00:00:00.000,18:35,UNKNOWN,,40.695698,-73.967354,"
,  
(40.695698, -73.967354)",PARK AVE,WASHINGTON AVE,,3,0,0,0,0,0,3,0,Unspecified,Unspecified,,,,4905722,Station Wagon/Sport Utility Vehicle,School Bus,,,,2026-06-10 18:35:00,True,False,3,SEVERE
2026-06-10T00:00:00.000,7:30,UNKNOWN,,40.632164,-74.16633,"
,  
(40.632164, -74.16633)",SOUTH AVE,BRABANT ST,,4,0,0,0,0,0,4,0,Driver Inattention/Distraction,Unspecified,,,,4905563,School Bus,4 dr sedan,,,,2026-06-10 07:30:00,True,False,4,SEVERE
2026-06-10T00:00:00.000,10:05,MANHATTAN,10013.0,40.71608,-74.00117,"
,  
(40.71608, -74.00117)",,,100       CENTRE ST,0,0,0,0,0,0,0,0,Passing Too Closely,Passing or Lane Usage Improper,,,,4905600,POLI,Van,,,,2026-06-10 10:05:00,False,False,0,NONE
2026-06-10T00:00:00.000,16:00,QUEENS,11433.0,40.696575,-73.776184,"
,  
(40.696575, -73.776184)",SAYRES AVE,177 ST,,2,0,0,0,0,0,2,0,Following Too Closely,Unspecified,,,,4905659,Station Wagon/Sport Utility Vehicle,4 dr sedan,,,,2026-06-10 16:00:00,True,False,2,MODERATE
2026-06-10T00:00:00.000,8:58,MANHATTAN,10029.0,40.787064,-73.94193,"
,  
(40.787064, -73.94193)",1 AVE,E 102 ST,,3,0,0,0,0,0,3,0,Reaction to Uninvolved Vehicle,Passing Too Closely,,,,4905536,Station Wagon/Sport Utility Vehicle,Station Wagon/Sport Utility Vehicle,,,,2026-06-10 08:58:00,True,False,3,SEVERE
2026-06-10T00:00:00.000,13:00,UNKNOWN,,40.680195,-73.75544,"
,  
(40.680195, -73.75544)",MERRICK BLVD,,,0,0,0,0,0,0,0,0,Traffic Control Disregarded,Unspecified,Unspecified,,,4905577,4 dr sedan,2 dr sedan,Station Wagon/Sport Utility Vehicle,,,2026-06-10 13:00:00,False,False,0,NONE
2026-06-10T00:00:00.000,18:20,STATEN ISLAND,10312.0,40.5344,-74.18546,"
,  
(40.5344, -74.18546)",AMBOY RD,BLAND PL,,0,0,0,0,0,0,0,0,Unspecified,,,,,4905699,,,,,,2026-06-10 18:20:00,False,False,0,NONE
2026-06-10T00:00:00.000,15:15,QUEENS,11417.0,40.6807,-73.84464,"
,  
(40.6807, -73.84464)",CROSS BAY BLVD,ROCKAWAY BLVD,,3,0,0,0,0,0,3,0,Other Vehicular,Other Vehicular,,,,4905653,School Bus,4 dr sedan,,,,2026-06-10 15:15:00,True,False,3,SEVERE
2026-06-10T00:00:00.000,10:26,MANHATTAN,10013.0,40.715157,-74.00211,"
,  
(40.715157, -74.00211)",WORTH ST,CENTRE ST,,1,0,1,0,0,0,0,0,Failure to Yield Right-of-Way,,,,,4905709,Station Wagon/Sport Utility Vehicle,,,,,2026-06-10 10:26:00,True,False,1,MODERATE
2026-06-10T00:00:00.000,4:48,MANHATTAN,10010.0,40.73831,-73.98774,"
,  
(40.73831, -73.98774)",E 20 ST,PARK AVE S,,0,0,0,0,0,0,0,0,Driver Inexperience,Unspecified,,,,4905474,Station Wagon/Sport Utility Vehicle,4 dr sedan,,,,2026-06-10 04:48:00,False,False,0,NONE
2026-06-10T00:00:00.000,15:25,QUEENS,11364.0,40.736076,-73.7471,"
,  
(40.736076, -73.7471)",,,79-10     SPRINGFIELD BLVD,0,0,0,0,0,0,0,0,Passing Too Closely,Unspecified,,,,4905632,Station Wagon/Sport Utility Vehicle,Station Wagon/Sport Utility Vehicle,,,,2026-06-10 15:25:00,False,False,0,NONE
2026-06-10T00:00:00.000,19:51,UNKNOWN,,40.801754,-73.931206,"
,  
(40.801754, -73.931206)",E 125 ST,1 AVE,,0,0,0,0,0,0,0,0,Unspecified,Unspecified,,,,4905738,4 dr sedan,,,,,2026-06-10 19:51:00,False,False,0,NONE
2026-06-10T00:00:00.000,21:56,BRONX,10473.0,40.815712,-73.862755,"
,  
(40.815712, -73.862755)",,,525       BEACH AVE,0,0,0,0,0,0,0,0,Unsafe Speed,Unspecified,,,,4905672,Station Wagon/Sport Utility Vehicle,Motorcycle,,,,2026-06-10 21:56:00,False,False,0,NONE
2026-06-10T00:00:00.000,19:40,STATEN ISLAND,10304.0,40.6078,-74.08139,"
,  
(40.6078, -74.08139)",MOSEL AVE,STEUBEN ST,,2,0,0,0,0,0,2,0,Unspecified,Unspecified,,,,4905707,4 dr sedan,2 dr sedan,,,,2026-06-10 19:40:00,True,False,2,MODERATE
2026-06-10T00:00:00.000,1:30,BRONX,10472.0,40.827553,-73.86726,"
,  
(40.827553, -73.86726)",WATSON AVE,COMMONWEALTH AVE,,1,0,0,0,0,0,1,0,Drugs (illegal),Unspecified,,,,4905505,Station Wagon/Sport Utility Vehicle,Station Wagon/Sport Utility Vehicle,,,,2026-06-10 01:30:00,True,False,1,MODERATE
2026-06-10T00:00:00.000,13:55,MANHATTAN,10016.0,40.746693,-73.979996,"
,  
(40.746693, -73.979996)",,,127       E 34 ST,0,0,0,0,0,0,0,0,Failure to Yield Right-of-Way,Unspecified,,,,4905605,Sedan,Sedan,,,,2026-06-10 13:55:00,False,False,0,NONE
2026-06-10T00:00:00.000,13:49,QUEENS,11354.0,40.764454,-73.82318,"
,  
(40.764454, -73.82318)",,,144-02    NORTHERN BLVD,0,0,0,0,0,0,0,0,Turning Improperly,Unspecified,,,,4905666,Sedan,DELV,,,,2026-06-10 13:49:00,False,False,0,NONE
2026-06-10T00:00:00.000,2:31,UNKNOWN,,40.73799,-73.90368,"
,  
(40.73799, -73.90368)",61 STREET,LAUREL HILL BOULEVARD,,0,0,0,0,0,0,0,0,Following Too Closely,Unspecified,,,,4905408,Taxi,4 dr sedan,,,,2026-06-10 02:31:00,False,False,0,NONE
2026-06-10T00:00:00.000,7:48,BRONX,10454.0,40.809387,-73.91552,"
,  
(40.809387, -73.91552)",,,350       ST ANNS AVE,4,0,0,0,0,0,4,0,Passing or Lane Usage Improper,Unspecified,,,,4905576,Station Wagon/Sport Utility Vehicle,UN/T,,,,2026-06-10 07:48:00,True,False,4,SEVERE
2026-06-10T00:00:00.000,15:26,BROOKLYN,11232.0,40.647068,-73.99393,"
,  
(40.647068, -73.99393)",37 ST,9 AVE,,2,0,0,0,0,0,2,0,Unspecified,Unspecified,,,,4905578,Station Wagon/Sport Utility Vehicle,Sedan,,,,2026-06-10 15:26:00,True,False,2,MODERATE
2026-06-10T00:00:00.000,16:41,UNKNOWN,,40.676964,-73.89894,"
,  
(40.676964, -73.89894)",FULTON ST,GEORGIA AVE,,1,0,0,0,1,0,0,0,Unspecified,Unspecified,,,,4905614,Pick-up Truck,BICY,,,,2026-06-10 16:41:00,True,False,1,MODERATE
2026-06-10T00:00:00.000,13:35,UNKNOWN,,40.68105,-73.80536,"
,  
(40.68105, -73.80536)",115 AVE,VAN WYCK EXPY,,1,0,1,0,0,0,0,0,Following Too Closely,,,,,4905652,Sedan,,,,,2026-06-10 13:35:00,True,False,1,MODERATE
2026-06-10T00:00:00.000,7:50,UNKNOWN,,40.62971,-73.904854,"
,  
(40.62971, -73.904854)",E 80 ST,AVENUE M,,1,0,0,0,0,0,1,0,Driver Inattention/Distraction,Unspecified,,,,4905513,4 dr sedan,Station Wagon/Sport Utility Vehicle,,,,2026-06-10 07:50:00,True,False,1,MODERATE
2026-06-10T00:00:00.000,8:40,BROOKLYN,11201.0,40.688747,-73.9972,"
,  
(40.688747, -73.9972)",HENRY ST,CONGRESS ST,,0,0,0,0,0,0,0,0,Passing or Lane Usage Improper,Unspecified,,,,4905538,Station Wagon/Sport Utility Vehicle,,,,,2026-06-10 08:40:00,False,False,0,NONE
2026-06-10T00:00:00.000,9:10,UNKNOWN,,40.67624,-73.866104,"
,  
(40.67624, -73.866104)",PITKIN AVE,CONDUIT BLVD,,1,0,0,0,0,0,0,0,Unspecified,Unspecified,,,,4905611,4 dr sedan,ESST,,,,2026-06-10 09:10:00,True,False,1,MODERATE
2026-06-10T00:00:00.000,14:30,BROOKLYN,11232.0,40.64741,-74.01868,"
,  
(40.64741, -74.01868)",53 ST,2 AVE,,0,0,0,0,0,0,0,0,Other Vehicular,Unspecified,,,,4905646,Station Wagon/Sport Utility Vehicle,Station Wagon/Sport Utility Vehicle,,,,2026-06-10 14:30:00,False,False,0,NONE
2026-06-10T00:00:00.000,12:19,MANHATTAN,10025.0,40.791664,-73.96468,"
,  
(40.791664, -73.96468)",CENTRAL PARK W,W 96 ST,,0,0,0,0,0,0,0,0,Failure to Yield Right-of-Way,Unspecified,,,,4905557,BICY,Station Wagon/Sport Utility Vehicle,,,,2026-06-10 12:19:00,False,False,0,NONE
2026-06-10T00:00:00.000,23:14,QUEENS,11372.0,40.754974,-73.890945,"
,  
(40.754974, -73.890945)",76 ST,NORTHERN BLVD,,2,0,0,0,0,0,2,0,Traffic Control Disregarded,Unspecified,,,,4905662,4 dr sedan,4 dr sedan,,,,2026-06-10 23:14:00,True,False,2,MODERATE
2026-06-10T00:00:00.000,6:45,UNKNOWN,,40.677155,-73.74724,"
,  
(40.677155, -73.74724)",,,222-10    134 RD,0,0,0,0,0,0,0,0,Driver Inattention/Distraction,Unspecified,,,,4905504,4 dr sedan,,,,,2026-06-10 06:45:00,False,False,0,NONE
2026-06-10T00:00:00.000,15:45,UNKNOWN,,40.752598,-73.77564,"
,  
(40.752598, -73.77564)",CLEARVIEW EXPRESSWAY,,,0,0,0,0,0,0,0,0,Unsafe Lane Changing,Unspecified,,,,4905633,DLR,Station Wagon/Sport Utility Vehicle,,,,2026-06-10 15:45:00,False,False,0,NONE
2026-06-10T00:00:00.000,12:00,UNKNOWN,,40.680668,-73.84272,"
,  
(40.680668, -73.84272)",LIBERTY AVE,ROCKAWAY BLVD,,1,0,0,0,0,0,1,0,Following Too Closely,Following Too Closely,,,,4905622,Sedan,Sedan,,,,2026-06-10 12:00:00,True,False,1,MODERATE
2026-06-10T00:00:00.000,2:15,MANHATTAN,10027.0,40.813297,-73.94758,"
,  
(40.813297, -73.94758)",,,250       W 131 ST,0,0,0,0,0,0,0,0,Unspecified,Unspecified,,,,4905684,4 dr sedan,2 dr sedan,,,,2026-06-10 02:15:00,False,False,0,NONE
2026-06-10T00:00:00.000,18:11,UNKNOWN,,40.72573,-73.84808,"
,  
(40.72573, -73.84808)",YELLOWSTONE BLVD,68 RD,,2,0,0,0,0,0,2,0,Unspecified,Unspecified,,,,4905743,4 dr sedan,MOPD,,,,2026-06-10 18:11:00,True,False,2,MODERATE
2026-06-10T00:00:00.000,17:27,QUEENS,11372.0,40.747242,-73.88655,"
,  
(40.747242, -73.88655)",,,79-02     ROOSEVELT AVE,1,0,0,0,1,0,0,0,Driver Inattention/Distraction,Driver Inattention/Distraction,,,,4905676,Station Wagon/Sport Utility Vehicle,BICY,,,,2026-06-10 17:27:00,True,False,1,MODERATE
2026-06-10T00:00:00.000,9:30,QUEENS,11375.0,40.722088,-73.85034,"
,  
(40.722088, -73.85034)",,,68-60     AUSTIN ST,0,0,0,0,0,0,0,0,Unspecified,Unspecified,,,,4905670,Van,UN/V,,,,2026-06-10 09:30:00,False,False,0,NONE
2026-06-10T00:00:00.000,6:35,QUEENS,11434.0,40.68705,-73.79211,"
,  
(40.68705, -73.79211)",LINDEN BLVD,155 ST,,0,0,0,0,0,0,0,0,Driver Inattention/Distraction,Unspecified,,,,4905449,Station Wagon/Sport Utility Vehicle,4 dr sedan,,,,2026-06-10 06:35:00,False,False,0,NONE
2026-06-10T00:00:00.000,16:20,STATEN ISLAND,10310.0,40.64164,-74.11581,"
,  
(40.64164, -74.11581)",RICHMOND TER,N BURGHER AVE,,0,0,0,0,0,0,0,0,Passing Too Closely,Failure to Keep Right,,,,4905601,4 dr sedan,School Bus,,,,2026-06-10 16:20:00,False,False,0,NONE
2026-06-10T00:00:00.000,12:25,MANHATTAN,10038.0,40.713715,-73.99802,"
,  
(40.713715, -73.99802)",E BROADWAY,CHATHAM SQ,,1,0,1,0,0,0,0,0,Failure to Yield Right-of-Way,,,,,4905710,UTIL,,,,,2026-06-10 12:25:00,True,False,1,MODERATE
2026-06-10T00:00:00.000,13:08,UNKNOWN,,40.689865,-73.95146,"
,  
(40.689865, -73.95146)",LAFAYETTE AVE,,,0,0,0,0,0,0,0,0,Driver Inattention/Distraction,Unspecified,Unspecified,,,4905727,Station Wagon/Sport Utility Vehicle,Station Wagon/Sport Utility Vehicle,,,,2026-06-10 13:08:00,False,False,0,NONE
2026-06-10T00:00:00.000,15:10,UNKNOWN,,40.557568,-74.207,"
,  
(40.557568, -74.207)",ARTHUR KILL RD,W SERVICE RD,,1,0,0,0,0,0,1,0,Driver Inexperience,Unspecified,,,,4905698,4 dr sedan,4 dr sedan,,,,2026-06-10 15:10:00,True,False,1,MODERATE
2026-06-10T00:00:00.000,13:15,QUEENS,11004.0,40.73851,-73.702835,"
,  
(40.73851, -73.702835)",266 ST,HILLSIDE AVE,,1,0,0,0,0,0,1,0,Driver Inattention/Distraction,,,,,4905654,Station Wagon/Sport Utility Vehicle,,,,,2026-06-10 13:15:00,True,False,1,MODERATE
2026-06-10T00:00:00.000,13:13,MANHATTAN,10035.0,0.0,0.0,"
,  
(0.0, 0.0)",,,1962      MADISON AVE,0,0,0,0,0,0,0,0,Following Too Closely,Unspecified,,,,4905737,Station Wagon/Sport Utility Vehicle,Van,,,,2026-06-10 13:13:00,False,False,0,NONE
2026-06-10T00:00:00.000,6:00,UNKNOWN,,40.67163,-73.8529,"
,  
(40.67163, -73.8529)",S CONDUIT AVE,LINDEN BLVD,,0,0,0,0,0,0,0,0,Unspecified,Unspecified,,,,4905428,4 dr sedan,Sedan,,,,2026-06-10 06:00:00,False,False,0,NONE
2026-06-10T00:00:00.000,23:25,MANHATTAN,10016.0,40.74763,-73.97674,"
,  
(40.74763, -73.97674)",E 37 ST,3 AVE,,0,0,0,0,0,0,0,0,Unsafe Lane Changing,Unspecified,Unspecified,,,4905675,4 dr sedan,4 dr sedan,,,,2026-06-10 23:25:00,False,False,0,NONE
2026-06-10T00:00:00.000,8:35,BROOKLYN,11230.0,40.611942,-73.96714,"
,  
(40.611942, -73.96714)",,,622       AVENUE O,0,0,0,0,0,0,0,0,Driver Inattention/Distraction,Unspecified,,,,4905579,UTIL,UTIL,,,,2026-06-10 08:35:00,False,False,0,NONE
2026-06-10T00:00:00.000,19:35,UNKNOWN,,40.720695,-73.836685,"
,  
(40.720695, -73.836685)",72 DR,,,0,0,0,0,0,0,0,0,Unspecified,Unspecified,,,,4905742,4 dr sedan,,,,,2026-06-10 19:35:00,False,False,0,NONE
2026-06-10T00:00:00.000,8:40,UNKNOWN,,40.715553,-73.82617,"
,  
(40.715553, -73.82617)",VAN WYCK EXPWY,,,1,0,0,0,0,0,1,0,Unsafe Lane Changing,Unspecified,,,,4905621,DUMP,4 dr sedan,,,,2026-06-10 08:40:00,True,False,1,MODERATE
2026-06-10T00:00:00.000,19:05,MANHATTAN,10021.0,40.77039,-73.95412,"
,  
(40.77039, -73.95412)",1 AVE,E 76 ST,,1,0,0,0,1,0,0,0,Failure to Yield Right-of-Way,Unspecified,,,,4905650,Taxi,BICY,,,,2026-06-10 19:05:00,True,False,1,MODERATE
2026-06-10T00:00:00.000,7:35,BROOKLYN,11211.0,40.715893,-73.93912,"
,  
(40.715893, -73.93912)",,,100       MASPETH AVE,0,0,0,0,0,0,0,0,Driver Inattention/Distraction,Unspecified,,,,4905516,FLAT,4 dr sedan,,,,2026-06-10 07:35:00,False,False,0,NONE
2026-06-10T00:00:00.000,11:59,STATEN ISLAND,10301.0,40.643707,-74.081856,"
,  
(40.643707, -74.081856)",,,30        DANIEL LOW TER,1,0,0,0,0,0,1,0,Driver Inattention/Distraction,Unspecified,,,,4905706,4 dr sedan,,,,,2026-06-10 11:59:00,True,False,1,MODERATE
2026-06-10T00:00:00.000,11:30,BROOKLYN,11212.0,40.662918,-73.918045,"
,  
(40.662918, -73.918045)",,,47        DUMONT AVE,0,0,0,0,0,0,0,0,Unspecified,Unspecified,,,,4905623,4 dr sedan,,,,,2026-06-10 11:30:00,False,False,0,NONE
2026-06-10T00:00:00.000,15:29,UNKNOWN,,40.58339,-73.969826,"
,  
(40.58339, -73.969826)",BELT PARKWAY RAMP,,,0,0,0,0,0,0,0,0,Driver Inattention/Distraction,Unspecified,,,,4905655,4 dr sedan,Station Wagon/Sport Utility Vehicle,,,,2026-06-10 15:29:00,False,False,0,NONE
2026-06-10T00:00:00.000,1:15,BROOKLYN,11236.0,40.63862,-73.891045,"
,  
(40.63862, -73.891045)",AVENUE M,E 100 ST,,3,0,0,0,0,0,3,0,Driver Inattention/Distraction,Unspecified,,,,4905511,Station Wagon/Sport Utility Vehicle,,,,,2026-06-10 01:15:00,True,False,3,SEVERE
2026-06-10T00:00:00.000,2:45,UNKNOWN,,40.732822,-73.8684,"
,  
(40.732822, -73.8684)",LONG ISLAND EXPRESSWAY,,,0,0,0,0,0,0,0,0,Unspecified,,,,,4905494,2 dr sedan,,,,,2026-06-10 02:45:00,False,False,0,NONE
2026-06-10T00:00:00.000,9:58,BROOKLYN,11206.0,40.712467,-73.93526,"
,  
(40.712467, -73.93526)",,,344       MAUJER ST,0,0,0,0,0,0,0,0,Driver Inattention/Distraction,Unspecified,,,,4905663,Pick-up Truck,,,,,2026-06-10 09:58:00,False,False,0,NONE
2026-06-10T00:00:00.000,14:48,BROOKLYN,11233.0,40.67413,-73.91392,"
,  
(40.67413, -73.91392)",BERGEN ST,THOMAS S BOYLAND ST,,5,0,0,0,0,0,5,0,Traffic Control Disregarded,Unspecified,,,,4905607,Station Wagon/Sport Utility Vehicle,4 dr sedan,,,,2026-06-10 14:48:00,True,False,5,SEVERE
2026-06-10T00:00:00.000,12:00,UNKNOWN,,40.739708,-73.84544,"
,  
(40.739708, -73.84544)",GRAND CENTRAL PARKWAY,LONG ISLAND EXPRESSWAY,,0,0,0,0,0,0,0,0,Driver Inattention/Distraction,Passing or Lane Usage Improper,,,,4905692,4 dr sedan,4 dr sedan,,,,2026-06-10 12:00:00,False,False,0,NONE
2026-06-10T00:00:00.000,12:47,BROOKLYN,11201.0,40.687363,-73.990036,"
,  
(40.687363, -73.990036)",DEAN ST,SMITH ST,,1,0,0,0,0,0,1,0,Driver Inattention/Distraction,Driver Inattention/Distraction,,,,4905604,4 dr sedan,MOPD,,,,2026-06-10 12:47:00,True,False,1,MODERATE
2026-06-10T00:00:00.000,6:27,UNKNOWN,,,,,Linden Blvd,LINDEN BLVD,,4,0,0,0,0,0,4,0,Unsafe Lane Changing,Unspecified,Unspecified,Unspecified,,4905555,4 dr sedan,4 dr sedan,4 dr sedan,4 dr sedan,,2026-06-10 06:27:00,True,False,4,SEVERE
2026-06-10T00:00:00.000,13:30,BROOKLYN,11232.0,40.647972,-74.01809,"
,  
(40.647972, -74.01809)",52 ST,2 AVE,,0,0,0,0,0,0,0,0,Other Vehicular,Unspecified,,,,4905634,4 dr sedan,,,,,2026-06-10 13:30:00,False,False,0,NONE
2026-06-10T00:00:00.000,21:23,BROOKLYN,11225.0,40.664852,-73.9587,"
,  
(40.664852, -73.9587)",,,47        MC KEEVER PL,0,0,0,0,0,0,0,0,Driver Inattention/Distraction,Unspecified,,,,4905744,Station Wagon/Sport Utility Vehicle,4 dr sedan,,,,2026-06-10 21:23:00,False,False,0,NONE
2026-06-10T00:00:00.000,11:30,BROOKLYN,11216.0,40.68024,-73.94675,"
,  
(40.68024, -73.94675)",NEW YORK AVE,FULTON ST,,3,0,0,0,0,0,3,0,Brakes Defective,Unspecified,,,,4905539,ATV*,4 dr sedan,,,,2026-06-10 11:30:00,True,False,3,SEVERE
2026-06-10T00:00:00.000,1:00,MANHATTAN,10014.0,40.738686,-74.01003,"
,  
(40.738686, -74.01003)",WEST ST,10 AVE,,3,0,0,0,0,0,3,0,Unspecified,Unspecified,,,,4905470,4 dr sedan,RD/S,,,,2026-06-10 01:00:00,True,False,3,SEVERE
2026-06-10T00:00:00.000,15:12,MANHATTAN,10003.0,40.731533,-73.98948,"
,  
(40.731533, -73.98948)",,,112       E 11 ST,0,0,0,0,0,0,0,0,36,Unspecified,,,,4905668,4 dr sedan,,,,,2026-06-10 15:12:00,False,False,0,NONE
2026-06-10T00:00:00.000,23:20,BROOKLYN,11218.0,40.640835,-73.98966,"
,  
(40.640835, -73.98966)",41 ST,12 AVE,,1,0,1,0,0,0,0,0,Driver Inattention/Distraction,,,,,4905764,4 dr sedan,,,,,2026-06-10 23:20:00,True,False,1,MODERATE
2026-06-10T00:00:00.000,12:15,UNKNOWN,,,,,BELT PARKWAY,,,0,0,0,0,0,0,0,0,Following Too Closely,Unspecified,,,,4905644,Sedan,Van,,,,2026-06-10 12:15:00,False,False,0,NONE
2026-06-10T00:00:00.000,8:45,QUEENS,11373.0,40.735214,-73.8666,"
,  
(40.735214, -73.8666)",,,94-11     59 AVE,0,0,0,0,0,0,0,0,Driver Inexperience,Unspecified,,,,4905677,Station Wagon/Sport Utility Vehicle,,,,,2026-06-10 08:45:00,False,False,0,NONE
2026-06-10T00:00:00.000,14:00,BROOKLYN,11201.0,40.69104,-74.000694,"
,  
(40.69104, -74.000694)",,,2         ATLANTIC AVE,0,0,0,0,0,0,0,0,Unspecified,Unspecified,,,,4905580,4 dr sedan,DELV,,,,2026-06-10 14:00:00,False,False,0,NONE
2026-06-10T00:00:00.000,14:00,BROOKLYN,11201.0,40.68902,-73.98616,"
,  
(40.68902, -73.98616)",SCHERMERHORN ST,HOYT ST,,1,0,0,0,1,0,0,0,View Obstructed/Limited,Unspecified,,,,4905567,POLI,BICY,,,,2026-06-10 14:00:00,True,False,1,MODERATE
2026-06-10T00:00:00.000,17:40,BROOKLYN,11224.0,40.575695,-73.99326,"
,  
(40.575695, -73.99326)",MERMAID AVE,W 27 ST,,1,0,1,0,0,0,0,0,Turning Improperly,,,,,4905626,,,,,,2026-06-10 17:40:00,True,False,1,MODERATE
2026-06-10T00:00:00.000,7:20,UNKNOWN,,40.692463,-73.81082,"
,  
(40.692463, -73.81082)",VAN WYCK EXPWY,,,1,0,0,0,0,0,1,0,Other Vehicular,Other Vehicular,,,,4905533,Station Wagon/Sport Utility Vehicle,School Bus,,,,2026-06-10 07:20:00,True,False,1,MODERATE
2026-06-10T00:00:00.000,15:50,QUEENS,11433.0,40.6922,-73.791725,"
,  
(40.6922, -73.791725)",159 ST,110 AVE,,1,0,1,0,0,0,0,0,Failure to Yield Right-of-Way,,,,,4905735,Station Wagon/Sport Utility Vehicle,,,,,2026-06-10 15:50:00,True,False,1,MODERATE
2026-06-10T00:00:00.000,3:55,UNKNOWN,,40.666435,-73.83478,"
,  
(40.666435, -73.83478)",BELT PARKWAY,,,2,0,0,0,0,0,2,0,Passing or Lane Usage Improper,Unspecified,Unspecified,,,4905430,4 dr sedan,4 dr sedan,Station Wagon/Sport Utility Vehicle,,,2026-06-10 03:55:00,True,False,2,MODERATE
2026-06-10T00:00:00.000,20:40,BROOKLYN,11223.0,40.59793,-73.98549,"
,  
(40.59793, -73.98549)",AVENUE T,STILLWELL AVE,,0,0,0,0,0,0,0,0,Failure to Yield Right-of-Way,Unspecified,Unspecified,,,4905674,4 dr sedan,Station Wagon/Sport Utility Vehicle,4 dr sedan,,,2026-06-10 20:40:00,False,False,0,NONE
2026-06-10T00:00:00.000,8:55,UNKNOWN,,40.826763,-73.83122,"
,  
(40.826763, -73.83122)",CROSS BRONX EXPWY WB ET 11,CROSS BRONX EXPRESSWAY,,3,0,0,0,0,0,3,0,Unspecified,Unspecified,,,,4905620,4 dr sedan,TRAC,,,,2026-06-10 08:55:00,True,False,3,SEVERE
2026-06-10T00:00:00.000,9:30,BROOKLYN,11201.0,40.68967,-73.989624,"
,  
(40.68967, -73.989624)",,,239       STATE ST,1,0,0,0,0,0,1,0,Passing Too Closely,Unspecified,,,,4905510,POLI,Station Wagon/Sport Utility Vehicle,,,,2026-06-10 09:30:00,True,False,1,MODERATE
2026-06-10T00:00:00.000,0:00,QUEENS,11418.0,40.700817,-73.83912,"
,  
(40.700817, -73.83912)",111 ST,MYRTLE AVE,,1,0,1,0,0,0,0,0,Failure to Yield Right-of-Way,,,,,4905656,Station Wagon/Sport Utility Vehicle,,,,,2026-06-10 00:00:00,True,False,1,MODERATE
2026-06-10T00:00:00.000,22:23,MANHATTAN,10022.0,40.760464,-73.967155,"
,  
(40.760464, -73.967155)",,,957       3 AVE,0,0,0,0,0,0,0,0,Driver Inattention/Distraction,,,,,4905649,Taxi,,,,,2026-06-10 22:23:00,False,False,0,NONE
2026-06-10T00:00:00.000,13:56,STATEN ISLAND,10312.0,40.526814,-74.168594,"
,  
(40.526814, -74.168594)",,,4867      HYLAN BLVD,0,0,0,0,0,0,0,0,Unspecified,,,,,4905697,Station Wagon/Sport Utility Vehicle,,,,,2026-06-10 13:56:00,False,False,0,NONE
2026-06-10T00:00:00.000,15:00,MANHATTAN,10014.0,40.7313,-74.01046,"
,  
(40.7313, -74.01046)",WEST ST,MORTON ST,,0,0,0,0,0,0,0,0,Backing Unsafely,Unspecified,,,,4905740,4 dr sedan,Pick-up Truck,,,,2026-06-10 15:00:00,False,False,0,NONE
2026-06-10T00:00:00.000,12:32,BRONX,10451.0,40.813587,-73.931046,"
,  
(40.813587, -73.931046)",E 138 ST,GERARD AVE,,1,0,0,0,0,0,1,0,Other Vehicular,Following Too Closely,,,,4905770,Station Wagon/Sport Utility Vehicle,Station Wagon/Sport Utility Vehicle,,,,2026-06-10 12:32:00,True,False,1,MODERATE
2026-06-10T00:00:00.000,22:45,QUEENS,11368.0,40.74091,-73.85128,"
,  
(40.74091, -73.85128)",,,110-46    CORONA AVE,0,0,0,0,0,0,0,0,Alcohol Involvement,Unspecified,Unspecified,,,4905678,4 dr sedan,Station Wagon/Sport Utility Vehicle,Van,,,2026-06-10 22:45:00,False,False,0,NONE
2026-06-11T00:00:00.000,7:36,STATEN ISLAND,10301.0,40.63795,-74.081116,"
,  
(40.63795, -74.081116)",FREMONT ST,CORSON AVE,,0,0,0,0,0,0,0,0,Unspecified,Unspecified,,,,4905721,Station Wagon/Sport Utility Vehicle,,,,,2026-06-11 07:36:00,False,False,0,NONE
2026-06-11T00:00:00.000,9:10,UNKNOWN,,40.86158,-73.92478,"
,  
(40.86158, -73.92478)",FORT GEORGE HL,NAGLE AVE,,1,0,0,0,0,0,1,0,Unspecified,Unspecified,Unspecified,Unspecified,,4905768,4 dr sedan,Taxi,4 dr sedan,Station Wagon/Sport Utility Vehicle,,2026-06-11 09:10:00,True,False,1,MODERATE
2026-06-11T00:00:00.000,1:55,UNKNOWN,,40.62541,-74.14939,"
,  
(40.62541, -74.14939)",,,1815      FOREST AVE,1,0,1,0,0,0,0,0,Backing Unsafely,,,,,4905694,Sedan,,,,,2026-06-11 01:55:00,True,False,1,MODERATE
2026-06-11T00:00:00.000,0:25,UNKNOWN,,40.703545,-73.92233,"
,  
(40.703545, -73.92233)",SUYDAM ST,,,0,0,0,0,0,0,0,0,Driver Inattention/Distraction,Unspecified,,,,4905748,Station Wagon/Sport Utility Vehicle,Station Wagon/Sport Utility Vehicle,,,,2026-06-11 00:25:00,False,False,0,NONE
2026-06-11T00:00:00.000,1:30,QUEENS,11434.0,40.667915,-73.77522,"
,  
(40.667915, -73.77522)",N CONDUIT AVE,160 ST,,0,0,0,0,0,0,0,0,Driver Inattention/Distraction,Unspecified,,,,4905680,4 dr sedan,,,,,2026-06-11 01:30:00,False,False,0,NONE
2026-06-11T00:00:00.000,3:48,BROOKLYN,11205.0,40.69133,-73.95176,"
,  
(40.69133, -73.95176)",DEKALB AVE,NOSTRAND AVE,,0,0,0,0,0,0,0,0,Driver Inattention/Distraction,Unspecified,,,,4905729,4 dr sedan,EBIK,,,,2026-06-11 03:48:00,False,False,0,NONE
2026-06-11T00:00:00.000,11:30,QUEENS,11367.0,40.71794,-73.81618,"
,  
(40.71794, -73.81618)",146 ST,UNION TPKE,,1,0,1,0,0,0,0,0,Driver Inattention/Distraction,,,,,4905758,Station Wagon/Sport Utility Vehicle,,,,,2026-06-11 11:30:00,True,False,1,MODERATE
2026-06-11T00:00:00.000,13:08,BROOKLYN,11249.0,40.716385,-73.961426,"
,  
(40.716385, -73.961426)",N 3 ST,BERRY ST,,1,0,0,0,0,0,1,0,Driver Inattention/Distraction,Unspecified,,,,4905771,Sedan,Pick-up Truck,,,,2026-06-11 13:08:00,True,False,1,MODERATE
2026-06-11T00:00:00.000,0:32,BROOKLYN,11217.0,40.68135,-73.97526,"
,  
(40.68135, -73.97526)",,,227       FLATBUSH AVE,1,0,0,0,0,0,1,0,Unsafe Speed,Unspecified,Unspecified,,,4905713,Sedan,Motorcycle,,,,2026-06-11 00:32:00,True,False,1,MODERATE
2026-06-11T00:00:00.000,5:30,BROOKLYN,11221.0,40.685844,-73.93987,"
,  
(40.685844, -73.93987)",,,456       MADISON ST,0,0,0,0,0,0,0,0,Tire Failure/Inadequate,Other Vehicular,Other Vehicular,,,4905728,Station Wagon/Sport Utility Vehicle,4 dr sedan,Station Wagon/Sport Utility Vehicle,,,2026-06-11 05:30:00,False,False,0,NONE
2026-06-11T00:00:00.000,3:50,MANHATTAN,10002.0,40.709805,-73.99191,"
,  
(40.709805, -73.99191)",SOUTH ST,PIKE SLIP,,0,0,0,0,0,0,0,0,Driver Inattention/Distraction,,,,,4905704,Station Wagon/Sport Utility Vehicle,,,,,2026-06-11 03:50:00,False,False,0,NONE
2026-06-11T00:00:00.000,6:30,STATEN ISLAND,10306.0,40.57282,-74.13628,"
,  
(40.57282, -74.13628)",,,3468      RICHMOND RD,0,0,0,0,0,0,0,0,Passing or Lane Usage Improper,Unspecified,,,,4905715,4 dr sedan,School Bus,,,,2026-06-11 06:30:00,False,False,0,NONE
