borough,datetime,temperature_2m,precipitation,visibility,rain,showers,snowfall,wind_speed_10m,date
MANHATTAN,2026-01-14 05:00:00+00:00,6.0699997,0,31000,0,0,0,7.42159,1/14/2026
MANHATTAN,2026-01-14 06:00:00+00:00,6.0699997,0,28900,0,0,0,5.1544156,1/14/2026
MANHATTAN,2026-01-14 07:00:00+00:00,5.92,0,30900,0,0,0,6.849467,1/14/2026
MANHATTAN,2026-01-14 08:00:00+00:00,5.3199997,0,31400,0,0,0,7.2,1/14/2026
MANHATTAN,2026-01-14 09:00:00+00:00,5.37,0,38000,0,0,0,7.2805495,1/14/2026
MANHATTAN,2026-01-14 10:00:00+00:00,4.72,0,34400,0,0,0,7.2,1/14/2026
MANHATTAN,2026-01-14 11:00:00+00:00,5.02,0,35100,0,0,0,6.28713,1/14/2026
MANHATTAN,2026-01-14 12:00:00+00:00,5.37,0,41800,0,0,0,7.92,1/14/2026
MANHATTAN,2026-01-14 13:00:00+00:00,6.3199997,0,40000,0,0,0,3.2599385,1/14/2026
MANHATTAN,2026-01-14 14:00:00+00:00,6.8199997,0,41500,0,0,0,7.628263,1/14/2026
MANHATTAN,2026-01-14 15:00:00+00:00,8.32,0,46900,0,0,0,11.525623,1/14/2026
MANHATTAN,2026-01-14 16:00:00+00:00,8.82,0,47400,0,0,0,8.225035,1/14/2026
MANHATTAN,2026-01-14 17:00:00+00:00,10.0199995,0,50600,0,0,0,7.9932976,1/14/2026
MANHATTAN,2026-01-14 18:00:00+00:00,10.32,0,48400,0,0,0,2.1897945,1/14/2026
MANHATTAN,2026-01-14 19:00:00+00:00,10.62,0,45700,0,0,0,5.3517847,1/14/2026
MANHATTAN,2026-01-14 20:00:00+00:00,10.17,0,39800,0,0,0,5.506941,1/14/2026
MANHATTAN,2026-01-14 21:00:00+00:00,9.47,0,32400,0,0,0,7.2,1/14/2026
MANHATTAN,2026-01-14 22:00:00+00:00,8.62,0,31000,0,0,0,6.638072,1/14/2026
MANHATTAN,2026-01-14 23:00:00+00:00,8.17,0,31100,0,0,0,9.3876505,1/14/2026
MANHATTAN,2026-01-15 00:00:00+00:00,7.67,0,26700,0,0,0,4.1046314,1/15/2026
MANHATTAN,2026-01-15 01:00:00+00:00,7.3199997,0,21700,0,0,0,5.937272,1/15/2026
MANHATTAN,2026-01-15 02:00:00+00:00,6.42,0,20900,0,0,0,6.9527545,1/15/2026
MANHATTAN,2026-01-15 03:00:00+00:00,6.8199997,0,19400,0,0,0,7.145796,1/15/2026
MANHATTAN,2026-01-15 04:00:00+00:00,7.02,0,19100,0,0,0,6.3690495,1/15/2026
MANHATTAN,2026-01-15 05:00:00+00:00,6.42,0,19500,0,0,0,9.449572,1/15/2026
MANHATTAN,2026-01-15 06:00:00+00:00,6.77,0,23500,0,0,0,10.661107,1/15/2026
MANHATTAN,2026-01-15 07:00:00+00:00,6.3199997,0,24900,0,0,0,9.3876505,1/15/2026
MANHATTAN,2026-01-15 08:00:00+00:00,6.72,0,27400,0,0,0,10.233123,1/15/2026
MANHATTAN,2026-01-15 09:00:00+00:00,6.67,0,28400,0,0,0,7.145796,1/15/2026
MANHATTAN,2026-01-15 10:00:00+00:00,6.27,0,25000,0,0,0,10.587918,1/15/2026
MANHATTAN,2026-01-15 11:00:00+00:00,6.3199997,0,25100,0,0,0,9.726664,1/15/2026
MANHATTAN,2026-01-15 12:00:00+00:00,5.67,0,18300,0,0,0,11.720751,1/15/2026
MANHATTAN,2026-01-15 13:00:00+00:00,5.67,0,21900,0,0,0,16.394829,1/15/2026
MANHATTAN,2026-01-15 14:00:00+00:00,5.02,0,27400,0,0,0,25.38702,1/15/2026
MANHATTAN,2026-01-15 15:00:00+00:00,4.5699997,0,29700,0,0,0,23.933907,1/15/2026
MANHATTAN,2026-01-15 16:00:00+00:00,4.72,0,36500,0,0,0,26.208395,1/15/2026
MANHATTAN,2026-01-15 17:00:00+00:00,3.8200002,0,43500,0,0,0,27.345785,1/15/2026
MANHATTAN,2026-01-15 18:00:00+00:00,3.67,0,48100,0,0,0,27.086262,1/15/2026
MANHATTAN,2026-01-15 19:00:00+00:00,3.3200002,0,48200,0,0,0,25.071096,1/15/2026
MANHATTAN,2026-01-15 20:00:00+00:00,2.42,0,48400,0,0,0,24.975283,1/15/2026
MANHATTAN,2026-01-15 21:00:00+00:00,0.97,0,47400,0,0,0,25.346148,1/15/2026
MANHATTAN,2026-01-15 22:00:00+00:00,-0.38,0,51900,0,0,0,23.83896,1/15/2026
MANHATTAN,2026-01-15 23:00:00+00:00,-1.68,0,47100,0,0,0,21.434364,1/15/2026
MANHATTAN,2026-01-16 00:00:00+00:00,-2.08,0,48700,0,0,0,18.64369,1/16/2026
MANHATTAN,2026-01-16 01:00:00+00:00,-3.4299998,0,54100,0,0,0,26.009842,1/16/2026
MANHATTAN,2026-01-16 02:00:00+00:00,-3.98,0,47600,0,0,0,18.72346,1/16/2026
MANHATTAN,2026-01-16 03:00:00+00:00,-4.53,0,47600,0,0,0,17.518356,1/16/2026
MANHATTAN,2026-01-16 04:00:00+00:00,-4.9300003,0,50800,0,0,0,22.782625,1/16/2026
MANHATTAN,2026-01-16 05:00:00+00:00,-5.33,0,50200,0,0,0,23.510508,1/16/2026
MANHATTAN,2026-01-16 06:00:00+00:00,-5.33,0,43900,0,0,0,25.764534,1/16/2026
MANHATTAN,2026-01-16 07:00:00+00:00,-5.88,0,38100,0,0,0,26.368616,1/16/2026
MANHATTAN,2026-01-16 08:00:00+00:00,-5.88,0,40800,0,0,0,27.852928,1/16/2026
MANHATTAN,2026-01-16 09:00:00+00:00,-5.88,0,39600,0,0,0,22.19773,1/16/2026
MANHATTAN,2026-01-16 10:00:00+00:00,-5.78,0,38500,0,0,0,20.532627,1/16/2026
MANHATTAN,2026-01-16 11:00:00+00:00,-5.58,0,39500,0,0,0,22.461807,1/16/2026
MANHATTAN,2026-01-16 12:00:00+00:00,-5.6800003,0,42900,0,0,0,26.121714,1/16/2026
MANHATTAN,2026-01-16 13:00:00+00:00,-5.28,0,40000,0,0,0,22.3229,1/16/2026
MANHATTAN,2026-01-16 14:00:00+00:00,-4.13,0,39800,0,0,0,23.441502,1/16/2026
MANHATTAN,2026-01-16 15:00:00+00:00,-2.83,0,44900,0,0,0,26.319422,1/16/2026
MANHATTAN,2026-01-16 16:00:00+00:00,-1.68,0,46600,0,0,0,24.490587,1/16/2026
MANHATTAN,2026-01-16 17:00:00+00:00,-0.78,0,49700,0,0,0,26.368616,1/16/2026
MANHATTAN,2026-01-16 18:00:00+00:00,-0.13,0,53500,0,0,0,22.805367,1/16/2026
MANHATTAN,2026-01-16 19:00:00+00:00,0.120000005,0,49600,0,0,0,21.915693,1/16/2026
MANHATTAN,2026-01-16 20:00:00+00:00,0.77,0,53200,0,0,0,19.48661,1/16/2026
MANHATTAN,2026-01-16 21:00:00+00:00,0.67,0,55400,0,0,0,13.276144,1/16/2026
MANHATTAN,2026-01-16 22:00:00+00:00,-0.22999999,0,57700,0,0,0,12.879752,1/16/2026
MANHATTAN,2026-01-16 23:00:00+00:00,-0.68,0,57800,0,0,0,12.413477,1/16/2026
MANHATTAN,2026-01-17 00:00:00+00:00,-1.38,0,53200,0,0,0,9.585739,1/17/2026
MANHATTAN,2026-01-17 01:00:00+00:00,-1.98,0,47200,0,0,0,9.227524,1/17/2026
MANHATTAN,2026-01-17 02:00:00+00:00,-1.83,0,47900,0,0,0,13.779114,1/17/2026
MANHATTAN,2026-01-17 03:00:00+00:00,-0.38,0,48800,0,0,0,9.3876505,1/17/2026
MANHATTAN,2026-01-17 04:00:00+00:00,-1.0799999,0,48000,0,0,0,9.3669195,1/17/2026
MANHATTAN,2026-01-17 05:00:00+00:00,-1.18,0,43200,0,0,0,9.746631,1/17/2026
MANHATTAN,2026-01-17 06:00:00+00:00,-0.32999998,0,46200,0,0,0,9.339208,1/17/2026
MANHATTAN,2026-01-17 07:00:00+00:00,-0.28,0,44600,0,0,0,8.287822,1/17/2026
MANHATTAN,2026-01-17 08:00:00+00:00,-0.029999994,0,35900,0,0,0,10.538843,1/17/2026
MANHATTAN,2026-01-17 09:00:00+00:00,0.52,0,34300,0,0,0,5.991594,1/17/2026
MANHATTAN,2026-01-17 10:00:00+00:00,0.52,0,32100,0,0,0,5.6233797,1/17/2026
MANHATTAN,2026-01-17 11:00:00+00:00,0.47000003,0,30900,0,0,0,5.2416787,1/17/2026
MANHATTAN,2026-01-17 12:00:00+00:00,1.12,0,41500,0,0,0,3.9763298,1/17/2026
MANHATTAN,2026-01-17 13:00:00+00:00,1.07,0,41100,0,0,0,3.671294,1/17/2026
MANHATTAN,2026-01-17 14:00:00+00:00,2.37,0,39300,0,0,0,9.47012,1/17/2026
MANHATTAN,2026-01-17 15:00:00+00:00,3.27,0,49900,0,0,0,12.682018,1/17/2026
MANHATTAN,2026-01-17 16:00:00+00:00,1.02,0.2,17800,0.1,0,0.07,7.24486,1/17/2026
MANHATTAN,2026-01-17 17:00:00+00:00,0.67,0.9,3700,0.19999993,0,0.49000004,10.383987,1/17/2026
MANHATTAN,2026-01-17 18:00:00+00:00,0.02000001,2.1000001,1600,0.8000002,0,0.90999997,7.7879906,1/17/2026
MANHATTAN,2026-01-17 19:00:00+00:00,0.47000003,1.7,3500,0.5,0,0.84000003,8.287822,1/17/2026
MANHATTAN,2026-01-17 20:00:00+00:00,0.22,0.1,14100,0,0,0.07,8.209263,1/17/2026
MANHATTAN,2026-01-17 21:00:00+00:00,0.57,0,14400,0,0,0,9.339208,1/17/2026
MANHATTAN,2026-01-17 22:00:00+00:00,0.62,0,15000,0,0,0,9.931042,1/17/2026
MANHATTAN,2026-01-17 23:00:00+00:00,0.17000002,0,14400,0,0,0,10.195057,1/17/2026
MANHATTAN,2026-01-18 00:00:00+00:00,-0.22999999,0,14700,0,0,0,8.217153,1/18/2026
MANHATTAN,2026-01-18 01:00:00+00:00,-0.78,0,13600,0,0,0,2.5455842,1/18/2026
MANHATTAN,2026-01-18 02:00:00+00:00,-0.93,0,14100,0,0,0,6.193674,1/18/2026
MANHATTAN,2026-01-18 03:00:00+00:00,-0.83,0,14700,0,0,0,3.7064266,1/18/2026
MANHATTAN,2026-01-18 04:00:00+00:00,-0.88,0,14300,0,0,0,2.5455842,1/18/2026
MANHATTAN,2026-01-18 05:00:00+00:00,-0.83,0,14600,0,0,0,3.96,1/18/2026
MANHATTAN,2026-01-18 06:00:00+00:00,-0.48,0,14600,0,0,0,4.3349743,1/18/2026
MANHATTAN,2026-01-18 07:00:00+00:00,-0.78,0,12900,0,0,0,3.0758414,1/18/2026
MANHATTAN,2026-01-18 08:00:00+00:00,-0.58,0,12200,0,0,0,3.2599385,1/18/2026
MANHATTAN,2026-01-18 09:00:00+00:00,-0.53,0,12200,0,0,0,3.8773184,1/18/2026
MANHATTAN,2026-01-18 10:00:00+00:00,-0.13,0,12700,0,0,0,3.319036,1/18/2026
MANHATTAN,2026-01-18 11:00:00+00:00,-0.029999994,0,4300,0,0,0,5.1919937,1/18/2026
MANHATTAN,2026-01-18 12:00:00+00:00,0.27,0.3,6400,0.10000001,0,0.14,2.3051248,1/18/2026
MANHATTAN,2026-01-18 13:00:00+00:00,0.17000002,0.6,1500,0.3,0,0.21000001,1.9386592,1/18/2026
MANHATTAN,2026-01-18 14:00:00+00:00,0.02000001,0.90000004,1200,0.3,0,0.42000002,1.484318,1/18/2026
MANHATTAN,2026-01-18 15:00:00+00:00,0.120000005,1.1,2200,0.3,0,0.56,3.7064266,1/18/2026
MANHATTAN,2026-01-18 16:00:00+00:00,0.52,0.2,1000,0,0,0.14,6.193674,1/18/2026
MANHATTAN,2026-01-18 17:00:00+00:00,0.42000002,0,12200,0,0,0,8.891344,1/18/2026
MANHATTAN,2026-01-18 18:00:00+00:00,0.52,0.4,11200,0.2,0,0.14,9.6932955,1/18/2026
MANHATTAN,2026-01-18 19:00:00+00:00,0.67,0.2,13000,0,0,0.14,11.212135,1/18/2026
MANHATTAN,2026-01-18 20:00:00+00:00,0.62,0,13200,0,0,0,12.661564,1/18/2026
MANHATTAN,2026-01-18 21:00:00+00:00,0.52,0,14300,0,0,0,13.039754,1/18/2026
MANHATTAN,2026-01-18 22:00:00+00:00,0.22,0.3,7600,0,0,0.21000001,11.609651,1/18/2026
MANHATTAN,2026-01-18 23:00:00+00:00,-0.029999994,0.3,3100,0,0,0.21000001,10.805998,1/18/2026
MANHATTAN,2026-01-19 00:00:00+00:00,0.120000005,0.6,5000,0.3,0,0.21000001,10.948973,1/19/2026
MANHATTAN,2026-01-19 01:00:00+00:00,-0.17999999,0.90000004,2300,0.3,0,0.42000002,13.551501,1/19/2026
MANHATTAN,2026-01-19 02:00:00+00:00,-0.32999998,0.8,3300,0.3,0,0.35,13.18308,1/19/2026
MANHATTAN,2026-01-19 03:00:00+00:00,-0.53,0.2,13000,0,0,0.14,11.808878,1/19/2026
MANHATTAN,2026-01-19 04:00:00+00:00,-0.73,0,14800,0,0,0,13.551501,1/19/2026
MANHATTAN,2026-01-19 05:00:00+00:00,-1.0799999,0,15600,0,0,0,10.883676,1/19/2026
MANHATTAN,2026-01-19 06:00:00+00:00,-1.28,0,15300,0,0,0,9.255571,1/19/2026
MANHATTAN,2026-01-19 07:00:00+00:00,-2.88,0,16100,0,0,0,8.473393,1/19/2026
MANHATTAN,2026-01-19 08:00:00+00:00,-2.33,0,17700,0,0,0,8.473393,1/19/2026
MANHATTAN,2026-01-19 09:00:00+00:00,-3.0300002,0,16600,0,0,0,10.587918,1/19/2026
MANHATTAN,2026-01-19 10:00:00+00:00,-3.48,0,16300,0,0,0,13.896187,1/19/2026
MANHATTAN,2026-01-19 11:00:00+00:00,-3.58,0,19400,0,0,0,13.202726,1/19/2026
MANHATTAN,2026-01-19 12:00:00+00:00,-4.53,0,21000,0,0,0,8.350138,1/19/2026
MANHATTAN,2026-01-19 13:00:00+00:00,-4.88,0,19300,0,0,0,9.504273,1/19/2026
MANHATTAN,2026-01-19 14:00:00+00:00,-4.6800003,0,25200,0,0,0,15.379206,1/19/2026
MANHATTAN,2026-01-19 15:00:00+00:00,-3.7800002,0,27900,0,0,0,18.0036,1/19/2026
MANHATTAN,2026-01-19 16:00:00+00:00,-2.88,0,28100,0,0,0,17.462784,1/19/2026
MANHATTAN,2026-01-19 17:00:00+00:00,-1.73,0,30200,0,0,0,18.218275,1/19/2026
MANHATTAN,2026-01-19 18:00:00+00:00,-1.48,0,29200,0,0,0,20.12461,1/19/2026
MANHATTAN,2026-01-19 19:00:00+00:00,-0.78,0,31100,0,0,0,23.363974,1/19/2026
MANHATTAN,2026-01-19 20:00:00+00:00,-0.73,0,35800,0,0,0,22.461807,1/19/2026
MANHATTAN,2026-01-19 21:00:00+00:00,-1.23,0,37600,0,0,0,22.59699,1/19/2026
MANHATTAN,2026-01-19 22:00:00+00:00,-2.03,0,37200,0,0,0,14.264361,1/19/2026
MANHATTAN,2026-01-19 23:00:00+00:00,-2.2800002,0,37200,0,0,0,12.287555,1/19/2026
MANHATTAN,2026-01-20 00:00:00+00:00,-2.63,0,33700,0,0,0,11.753877,1/20/2026
MANHATTAN,2026-01-20 01:00:00+00:00,-2.2800002,0,32800,0,0,0,14.658676,1/20/2026
MANHATTAN,2026-01-20 02:00:00+00:00,-2.48,0,33100,0,0,0,18.472595,1/20/2026
MANHATTAN,2026-01-20 03:00:00+00:00,-2.6799998,0,43500,0,0,0,20.345573,1/20/2026
MANHATTAN,2026-01-20 04:00:00+00:00,-3.63,0,51000,0,0,0,18.861387,1/20/2026
MANHATTAN,2026-01-20 05:00:00+00:00,-4.33,0,51000,0,0,0,20.12461,1/20/2026
MANHATTAN,2026-01-20 06:00:00+00:00,-5.03,0,51300,0,0,0,25.570139,1/20/2026
MANHATTAN,2026-01-20 07:00:00+00:00,-5.53,0,48600,0,0,0,19.523155,1/20/2026
MANHATTAN,2026-01-20 08:00:00+00:00,-6.1800003,0,44400,0,0,0,15.4800005,1/20/2026
MANHATTAN,2026-01-20 09:00:00+00:00,-6.98,0,42600,0,0,0,17.294992,1/20/2026
MANHATTAN,2026-01-20 10:00:00+00:00,-7.73,0,40400,0,0,0,16.75064,1/20/2026
MANHATTAN,2026-01-20 11:00:00+00:00,-8.2300005,0,40700,0,0,0,15.893093,1/20/2026
MANHATTAN,2026-01-20 12:00:00+00:00,-8.63,0,37300,0,0,0,14.934577,1/20/2026
MANHATTAN,2026-01-20 13:00:00+00:00,-8.93,0,35000,0,0,0,17.076298,1/20/2026
MANHATTAN,2026-01-20 14:00:00+00:00,-8.33,0,37900,0,0,0,20.275385,1/20/2026
MANHATTAN,2026-01-20 15:00:00+00:00,-7.38,0,43800,0,0,0,21.542923,1/20/2026
MANHATTAN,2026-01-20 16:00:00+00:00,-6.78,0,45900,0,0,0,22.91026,1/20/2026
MANHATTAN,2026-01-20 17:00:00+00:00,-6.1800003,0,48700,0,0,0,24.29133,1/20/2026
MANHATTAN,2026-01-20 18:00:00+00:00,-5.88,0,50500,0,0,0,25.153671,1/20/2026
MANHATTAN,2026-01-20 19:00:00+00:00,-5.63,0,51300,0,0,0,22.392462,1/20/2026
MANHATTAN,2026-01-20 20:00:00+00:00,-5.53,0,52100,0,0,0,22.314192,1/20/2026
MANHATTAN,2026-01-20 21:00:00+00:00,-5.83,0,54800,0,0,0,22.963936,1/20/2026
MANHATTAN,2026-01-20 22:00:00+00:00,-6.53,0,54800,0,0,0,20.418695,1/20/2026
MANHATTAN,2026-01-20 23:00:00+00:00,-6.88,0,52100,0,0,0,18.214718,1/20/2026
MANHATTAN,2026-01-21 00:00:00+00:00,-7.63,0,46800,0,0,0,14.578888,1/21/2026
MANHATTAN,2026-01-21 01:00:00+00:00,-8.2300005,0,43400,0,0,0,13.1041975,1/21/2026
MANHATTAN,2026-01-21 02:00:00+00:00,-8.53,0,44500,0,0,0,12.245293,1/21/2026
MANHATTAN,2026-01-21 03:00:00+00:00,-8.63,0,46900,0,0,0,14.480773,1/21/2026
MANHATTAN,2026-01-21 04:00:00+00:00,-8.93,0,43700,0,0,0,12.413477,1/21/2026
BROOKLYN,2026-01-14 05:00:00+00:00,4.8415003,0,24900,0,0,0,10.464798,1/14/2026
BROOKLYN,2026-01-14 06:00:00+00:00,5.5415,0,24700,0,0,0,9.726665,1/14/2026
BROOKLYN,2026-01-14 07:00:00+00:00,4.6915,0,24100,0,0,0,3.8939953,1/14/2026
BROOKLYN,2026-01-14 08:00:00+00:00,4.1915,0,25800,0,0,0,6.618519,1/14/2026
BROOKLYN,2026-01-14 09:00:00+00:00,3.3415,0,24400,0,0,0,6.151683,1/14/2026
BROOKLYN,2026-01-14 10:00:00+00:00,2.9415,0,24900,0,0,0,6.489992,1/14/2026
BROOKLYN,2026-01-14 11:00:00+00:00,3.1915,0,26200,0,0,0,6.489992,1/14/2026
BROOKLYN,2026-01-14 12:00:00+00:00,3.0414999,0,26300,0,0,0,6.849467,1/14/2026
BROOKLYN,2026-01-14 13:00:00+00:00,3.7415,0,21700,0,0,0,4.6102495,1/14/2026
BROOKLYN,2026-01-14 14:00:00+00:00,5.0415,0,21900,0,0,0,1.4399999,1/14/2026
BROOKLYN,2026-01-14 15:00:00+00:00,7.1915,0,29900,0,0,0,3.563818,1/14/2026
BROOKLYN,2026-01-14 16:00:00+00:00,8.341499,0,40500,0,0,0,6.439876,1/14/2026
BROOKLYN,2026-01-14 17:00:00+00:00,8.9415,0,38300,0,0,0,5.00128,1/14/2026
BROOKLYN,2026-01-14 18:00:00+00:00,8.8914995,0,30700,0,0,0,7.42159,1/14/2026
BROOKLYN,2026-01-14 19:00:00+00:00,8.5415,0,20600,0,0,0,4.896529,1/14/2026
BROOKLYN,2026-01-14 20:00:00+00:00,8.6414995,0,22300,0,0,0,7.0911775,1/14/2026
BROOKLYN,2026-01-14 21:00:00+00:00,8.0415,0,20900,0,0,0,6.638072,1/14/2026
BROOKLYN,2026-01-14 22:00:00+00:00,6.9915004,0,24900,0,0,0,3.9763298,1/14/2026
BROOKLYN,2026-01-14 23:00:00+00:00,6.4415,0,21300,0,0,0,9.826088,1/14/2026
BROOKLYN,2026-01-15 00:00:00+00:00,6.7415004,0,24900,0,0,0,10.182337,1/15/2026
BROOKLYN,2026-01-15 01:00:00+00:00,5.7415004,0,16000,0,0,0,13.324863,1/15/2026
BROOKLYN,2026-01-15 02:00:00+00:00,5.6915,0,18700,0,0,0,8.587338,1/15/2026
BROOKLYN,2026-01-15 03:00:00+00:00,5.6415,0,16900,0,0,0,6.297428,1/15/2026
BROOKLYN,2026-01-15 04:00:00+00:00,5.2415004,0,16300,0,0,0,6.696387,1/15/2026
BROOKLYN,2026-01-15 05:00:00+00:00,4.9415,0,17900,0,0,0,8.759178,1/15/2026
BROOKLYN,2026-01-15 06:00:00+00:00,5.1415,0,20100,0,0,0,7.5942082,1/15/2026
BROOKLYN,2026-01-15 07:00:00+00:00,4.3915,0,21100,0,0,0,9.885262,1/15/2026
BROOKLYN,2026-01-15 08:00:00+00:00,4.4415,0,19000,0,0,0,7.10031,1/15/2026
BROOKLYN,2026-01-15 09:00:00+00:00,4.1915,0,20400,0,0,0,8.427383,1/15/2026
BROOKLYN,2026-01-15 10:00:00+00:00,4.4915004,0,24800,0,0,0,14.336861,1/15/2026
BROOKLYN,2026-01-15 11:00:00+00:00,5.1915,0,22000,0,0,0,9.422101,1/15/2026
BROOKLYN,2026-01-15 12:00:00+00:00,5.2415004,0,17300,0,0,0,15.277749,1/15/2026
BROOKLYN,2026-01-15 13:00:00+00:00,5.0415,0,17800,0,0,0,14.689589,1/15/2026
BROOKLYN,2026-01-15 14:00:00+00:00,4.1915,0,20800,0,0,0,23.863409,1/15/2026
BROOKLYN,2026-01-15 15:00:00+00:00,4.0415,0,31300,0,0,0,25.068514,1/15/2026
BROOKLYN,2026-01-15 16:00:00+00:00,3.7415,0,36000,0,0,0,27.248457,1/15/2026
BROOKLYN,2026-01-15 17:00:00+00:00,3.4415,0,44300,0,0,0,26.867676,1/15/2026
BROOKLYN,2026-01-15 18:00:00+00:00,3.1415,0,49000,0,0,0,26.250393,1/15/2026
BROOKLYN,2026-01-15 19:00:00+00:00,2.8915,0,47900,0,0,0,24.535524,1/15/2026
BROOKLYN,2026-01-15 20:00:00+00:00,1.9914999,0,46900,0,0,0,24.482647,1/15/2026
BROOKLYN,2026-01-15 21:00:00+00:00,0.8415,0,47300,0,0,0,23.400002,1/15/2026
BROOKLYN,2026-01-15 22:00:00+00:00,-0.70849997,0,46100,0,0,0,21.068459,1/15/2026
BROOKLYN,2026-01-15 23:00:00+00:00,-1.6085,0,43400,0,0,0,24.031178,1/15/2026
BROOKLYN,2026-01-16 00:00:00+00:00,-1.7585001,0,45500,0,0,0,25.210283,1/16/2026
BROOKLYN,2026-01-16 01:00:00+00:00,-1.7585001,0,48900,0,0,0,24.609364,1/16/2026
BROOKLYN,2026-01-16 02:00:00+00:00,-2.2085001,0,50000,0,0,0,27.0024,1/16/2026
BROOKLYN,2026-01-16 03:00:00+00:00,-2.9585001,0,48500,0,0,0,24.503809,1/16/2026
BROOKLYN,2026-01-16 04:00:00+00:00,-3.3585,0,44100,0,0,0,23.177402,1/16/2026
BROOKLYN,2026-01-16 05:00:00+00:00,-4.3085,0,43500,0,0,0,20.364674,1/16/2026
BROOKLYN,2026-01-16 06:00:00+00:00,-5.0585,0,41200,0,0,0,24.535524,1/16/2026
BROOKLYN,2026-01-16 07:00:00+00:00,-5.3085,0,36000,0,0,0,24.033876,1/16/2026
BROOKLYN,2026-01-16 08:00:00+00:00,-5.4585,0,39300,0,0,0,27.438046,1/16/2026
BROOKLYN,2026-01-16 09:00:00+00:00,-5.5585,0,38100,0,0,0,21.046917,1/16/2026
BROOKLYN,2026-01-16 10:00:00+00:00,-5.6584997,0,36500,0,0,0,19.852295,1/16/2026
BROOKLYN,2026-01-16 11:00:00+00:00,-5.7085,0,37500,0,0,0,21.96295,1/16/2026
BROOKLYN,2026-01-16 12:00:00+00:00,-5.8085,0,39200,0,0,0,24.522316,1/16/2026
BROOKLYN,2026-01-16 13:00:00+00:00,-5.6085,0,34500,0,0,0,18.72346,1/16/2026
BROOKLYN,2026-01-16 14:00:00+00:00,-4.0085,0,37300,0,0,0,24.144165,1/16/2026
BROOKLYN,2026-01-16 15:00:00+00:00,-2.6585,0,40700,0,0,0,25.922499,1/16/2026
BROOKLYN,2026-01-16 16:00:00+00:00,-1.9085001,0,44100,0,0,0,23.770906,1/16/2026
BROOKLYN,2026-01-16 17:00:00+00:00,-0.8585,0,49200,0,0,0,25.982424,1/16/2026
BROOKLYN,2026-01-16 18:00:00+00:00,-0.3585,0,51000,0,0,0,23.42491,1/16/2026
BROOKLYN,2026-01-16 19:00:00+00:00,0.2915,0,47400,0,0,0,21.897945,1/16/2026
BROOKLYN,2026-01-16 20:00:00+00:00,0.6415,0,51400,0,0,0,20.06334,1/16/2026
BROOKLYN,2026-01-16 21:00:00+00:00,0.54150003,0,53900,0,0,0,13.392774,1/16/2026
BROOKLYN,2026-01-16 22:00:00+00:00,-0.6585,0,45400,0,0,0,8.4963045,1/16/2026
BROOKLYN,2026-01-16 23:00:00+00:00,-0.5085,0,43400,0,0,0,12.496718,1/16/2026
BROOKLYN,2026-01-17 00:00:00+00:00,-0.3085,0,46100,0,0,0,9.339208,1/17/2026
BROOKLYN,2026-01-17 01:00:00+00:00,-0.6585,0,42400,0,0,0,8.0899935,1/17/2026
BROOKLYN,2026-01-17 02:00:00+00:00,-0.6585,0,37700,0,0,0,9.585739,1/17/2026
BROOKLYN,2026-01-17 03:00:00+00:00,-0.4585,0,38900,0,0,0,6.162207,1/17/2026
BROOKLYN,2026-01-17 04:00:00+00:00,-0.2085,0,40800,0,0,0,6.924738,1/17/2026
BROOKLYN,2026-01-17 05:00:00+00:00,-0.1585,0,39000,0,0,0,5.4477882,1/17/2026
BROOKLYN,2026-01-17 06:00:00+00:00,0.041500002,0,39300,0,0,0,7.2359104,1/17/2026
BROOKLYN,2026-01-17 07:00:00+00:00,0.6915,0,37600,0,0,0,6.2145634,1/17/2026
BROOKLYN,2026-01-17 08:00:00+00:00,0.4415,0,35500,0,0,0,8.435069,1/17/2026
BROOKLYN,2026-01-17 09:00:00+00:00,1.1915,0,34200,0,0,0,8.225035,1/17/2026
BROOKLYN,2026-01-17 10:00:00+00:00,1.0415,0,34200,0,0,0,0.35999998,1/17/2026
BROOKLYN,2026-01-17 11:00:00+00:00,0.8415,0,37300,0,0,0,4.3498964,1/17/2026
BROOKLYN,2026-01-17 12:00:00+00:00,1.2414999,0,46200,0,0,0,7.968939,1/17/2026
BROOKLYN,2026-01-17 13:00:00+00:00,1.4914999,0,39000,0,0,0,6.439876,1/17/2026
BROOKLYN,2026-01-17 14:00:00+00:00,2.6915,0,35700,0,0,0,6.297428,1/17/2026
BROOKLYN,2026-01-17 15:00:00+00:00,2.8915,0,10100,0,0,0,9.339208,1/17/2026
BROOKLYN,2026-01-17 16:00:00+00:00,1.1915,0.3,18100,0.3,0,0,4.2136917,1/17/2026
BROOKLYN,2026-01-17 17:00:00+00:00,2.5915,0,21500,0,0,0,12.43434,1/17/2026
BROOKLYN,2026-01-17 18:00:00+00:00,1.2414999,1.9,2100,1.4,0,0.35,15.137133,1/17/2026
BROOKLYN,2026-01-17 19:00:00+00:00,0.79150003,1.8000001,3900,0.70000005,0,0.77,8.4963045,1/17/2026
BROOKLYN,2026-01-17 20:00:00+00:00,0.6915,0.2,14000,0,0,0.14,6.489992,1/17/2026
BROOKLYN,2026-01-17 21:00:00+00:00,1.3915,0,15100,0,0,0,9.885262,1/17/2026
BROOKLYN,2026-01-17 22:00:00+00:00,0.8915,0,15200,0,0,0,8.891343,1/17/2026
BROOKLYN,2026-01-17 23:00:00+00:00,0.7415,0,14600,0,0,0,9.360001,1/17/2026
BROOKLYN,2026-01-18 00:00:00+00:00,0.49150002,0,14500,0,0,0,9.605998,1/18/2026
BROOKLYN,2026-01-18 01:00:00+00:00,-0.0585,0,13500,0,0,0,2.9024127,1/18/2026
BROOKLYN,2026-01-18 02:00:00+00:00,-0.6085,0,13200,0,0,0,3.096837,1/18/2026
BROOKLYN,2026-01-18 03:00:00+00:00,-0.5085,0,13200,0,0,0,1.8,1/18/2026
BROOKLYN,2026-01-18 04:00:00+00:00,-0.5585,0,14200,0,0,0,1.8,1/18/2026
BROOKLYN,2026-01-18 05:00:00+00:00,-0.6585,0,13600,0,0,0,1.835647,1/18/2026
BROOKLYN,2026-01-18 06:00:00+00:00,-0.4085,0,14900,0,0,0,3.5455887,1/18/2026
BROOKLYN,2026-01-18 07:00:00+00:00,-0.4585,0,13100,0,0,0,3.6,1/18/2026
BROOKLYN,2026-01-18 08:00:00+00:00,-0.2585,0,12200,0,0,0,3.563818,1/18/2026
BROOKLYN,2026-01-18 09:00:00+00:00,-0.3085,0,12200,0,0,0,1.835647,1/18/2026
BROOKLYN,2026-01-18 10:00:00+00:00,0.041500002,0,12700,0,0,0,2.5455842,1/18/2026
BROOKLYN,2026-01-18 11:00:00+00:00,0.19150001,0,5700,0,0,0,2.6208394,1/18/2026
BROOKLYN,2026-01-18 12:00:00+00:00,0.49150002,0.8,7400,0.3,0,0.35,0.5091169,1/18/2026
BROOKLYN,2026-01-18 13:00:00+00:00,0.3415,0.8,9200,0.3,0,0.35,2.0364676,1/18/2026
BROOKLYN,2026-01-18 14:00:00+00:00,0.1415,0.8,2300,0.3,0,0.35,1.609969,1/18/2026
BROOKLYN,2026-01-18 15:00:00+00:00,0.3915,1.2,3200,0.50000006,0,0.48999998,1.9386592,1/18/2026
BROOKLYN,2026-01-18 16:00:00+00:00,0.8415,0.4,12200,0.099999994,0,0.21000001,4.8433046,1/18/2026
BROOKLYN,2026-01-18 17:00:00+00:00,0.5915,0,12200,0,0,0,8.089993,1/18/2026
BROOKLYN,2026-01-18 18:00:00+00:00,0.8415,0.1,10100,0.1,0,0,12.313893,1/18/2026
BROOKLYN,2026-01-18 19:00:00+00:00,0.8415,0.3,12300,0.20000002,0,0.07,14.404499,1/18/2026
BROOKLYN,2026-01-18 20:00:00+00:00,0.6415,0,10800,0,0,0,12.324414,1/18/2026
BROOKLYN,2026-01-18 21:00:00+00:00,0.49150002,0,13900,0,0,0,13.039754,1/18/2026
BROOKLYN,2026-01-18 22:00:00+00:00,0.2915,0.3,5700,0,0,0.21000001,11.901798,1/18/2026
BROOKLYN,2026-01-18 23:00:00+00:00,-0.008499999,0.6,3200,0.3,0,0.21000001,15.379206,1/18/2026
BROOKLYN,2026-01-19 00:00:00+00:00,0.19150001,0.3,4800,0,0,0.21000001,14.291592,1/19/2026
BROOKLYN,2026-01-19 01:00:00+00:00,0.041500002,0.8,1600,0.3,0,0.35,15.546833,1/19/2026
BROOKLYN,2026-01-19 02:00:00+00:00,-0.3585,0.90000004,3400,0.3,0,0.42000002,15.0038395,1/19/2026
BROOKLYN,2026-01-19 03:00:00+00:00,-0.4085,0.3,13500,0,0,0.21000001,15.856354,1/19/2026
BROOKLYN,2026-01-19 04:00:00+00:00,-0.9085,0,13800,0,0,0,10.883676,1/19/2026
BROOKLYN,2026-01-19 05:00:00+00:00,-1.2585001,0,15300,0,0,0,9.504273,1/19/2026
BROOKLYN,2026-01-19 06:00:00+00:00,-1.2585001,0,15800,0,0,0,8.209263,1/19/2026
BROOKLYN,2026-01-19 07:00:00+00:00,-1.5085001,0,16600,0,0,0,10.661107,1/19/2026
BROOKLYN,2026-01-19 08:00:00+00:00,-1.8585,0,16300,0,0,0,9.605998,1/19/2026
BROOKLYN,2026-01-19 09:00:00+00:00,-2.3585,0,18700,0,0,0,12.979984,1/19/2026
BROOKLYN,2026-01-19 10:00:00+00:00,-3.7085001,0,17000,0,0,0,15.328561,1/19/2026
BROOKLYN,2026-01-19 11:00:00+00:00,-4.1085,0,16500,0,0,0,13.202726,1/19/2026
BROOKLYN,2026-01-19 12:00:00+00:00,-4.8085,0,18500,0,0,0,10.799999,1/19/2026
BROOKLYN,2026-01-19 13:00:00+00:00,-5.0585,0,18700,0,0,0,9.3669195,1/19/2026
BROOKLYN,2026-01-19 14:00:00+00:00,-4.5585,0,28500,0,0,0,17.373497,1/19/2026
BROOKLYN,2026-01-19 15:00:00+00:00,-3.6085,0,25400,0,0,0,18.228943,1/19/2026
BROOKLYN,2026-01-19 16:00:00+00:00,-2.4585001,0,27700,0,0,0,17.114204,1/19/2026
BROOKLYN,2026-01-19 17:00:00+00:00,-1.6585001,0,28500,0,0,0,16.199999,1/19/2026
BROOKLYN,2026-01-19 18:00:00+00:00,-0.6585,0,28100,0,0,0,20.371038,1/19/2026
BROOKLYN,2026-01-19 19:00:00+00:00,-0.108500004,0,30700,0,0,0,21.67786,1/19/2026
BROOKLYN,2026-01-19 20:00:00+00:00,-0.6085,0,33400,0,0,0,20.65848,1/19/2026
BROOKLYN,2026-01-19 21:00:00+00:00,-1.0585,0,39400,0,0,0,20.188908,1/19/2026
BROOKLYN,2026-01-19 22:00:00+00:00,-2.1085,0,35000,0,0,0,10.805998,1/19/2026
BROOKLYN,2026-01-19 23:00:00+00:00,-2.5585,0,32700,0,0,0,6.489992,1/19/2026
BROOKLYN,2026-01-20 00:00:00+00:00,-3.1085,0,27500,0,0,0,7.4128532,1/20/2026
BROOKLYN,2026-01-20 01:00:00+00:00,-3.0585,0,25400,0,0,0,10.948973,1/20/2026
BROOKLYN,2026-01-20 02:00:00+00:00,-2.9085,0,24200,0,0,0,11.609651,1/20/2026
BROOKLYN,2026-01-20 03:00:00+00:00,-2.8585,0,41800,0,0,0,16.516901,1/20/2026
BROOKLYN,2026-01-20 04:00:00+00:00,-3.9585001,0,38100,0,0,0,12.620554,1/20/2026
BROOKLYN,2026-01-20 05:00:00+00:00,-4.7584996,0,45000,0,0,0,16.595179,1/20/2026
BROOKLYN,2026-01-20 06:00:00+00:00,-5.7584996,0,38000,0,0,0,15.941944,1/20/2026
BROOKLYN,2026-01-20 07:00:00+00:00,-6.2085,0,42100,0,0,0,17.114204,1/20/2026
BROOKLYN,2026-01-20 08:00:00+00:00,-6.8585,0,38100,0,0,0,14.77755,1/20/2026
BROOKLYN,2026-01-20 09:00:00+00:00,-7.2584996,0,39000,0,0,0,17.313717,1/20/2026
BROOKLYN,2026-01-20 10:00:00+00:00,-7.8085,0,36400,0,0,0,16.923828,1/20/2026
BROOKLYN,2026-01-20 11:00:00+00:00,-8.158501,0,35700,0,0,0,17.015474,1/20/2026
BROOKLYN,2026-01-20 12:00:00+00:00,-8.658501,0,32700,0,0,0,16.65754,1/20/2026
BROOKLYN,2026-01-20 13:00:00+00:00,-8.5585,0,31100,0,0,0,16.676977,1/20/2026
BROOKLYN,2026-01-20 14:00:00+00:00,-8.158501,0,35000,0,0,0,21.479666,1/20/2026
BROOKLYN,2026-01-20 15:00:00+00:00,-7.6584997,0,39400,0,0,0,22.314192,1/20/2026
BROOKLYN,2026-01-20 16:00:00+00:00,-6.9585,0,42600,0,0,0,24.29133,1/20/2026
BROOKLYN,2026-01-20 17:00:00+00:00,-6.1584997,0,46200,0,0,0,24.609364,1/20/2026
BROOKLYN,2026-01-20 18:00:00+00:00,-5.9585,0,46400,0,0,0,26.042212,1/20/2026
BROOKLYN,2026-01-20 19:00:00+00:00,-5.5585,0,50500,0,0,0,22.7057,1/20/2026
BROOKLYN,2026-01-20 20:00:00+00:00,-5.5084996,0,51800,0,0,0,23.177402,1/20/2026
BROOKLYN,2026-01-20 21:00:00+00:00,-5.9084997,0,51400,0,0,0,23.828083,1/20/2026
BROOKLYN,2026-01-20 22:00:00+00:00,-6.8085,0,47600,0,0,0,18.584509,1/20/2026
BROOKLYN,2026-01-20 23:00:00+00:00,-7.1584997,0,48600,0,0,0,17.227419,1/20/2026
BROOKLYN,2026-01-21 00:00:00+00:00,-7.8085,0,49200,0,0,0,15.379206,1/21/2026
BROOKLYN,2026-01-21 01:00:00+00:00,-8.3585005,0,43800,0,0,0,11.874544,1/21/2026
BROOKLYN,2026-01-21 02:00:00+00:00,-8.5585,0,42600,0,0,0,9.227524,1/21/2026
BROOKLYN,2026-01-21 03:00:00+00:00,-8.9585,0,40700,0,0,0,9.504273,1/21/2026
BROOKLYN,2026-01-21 04:00:00+00:00,-9.158501,0,41700,0,0,0,8.311245,1/21/2026
QUEENS,2026-01-14 05:00:00+00:00,5.724,0,23400,0,0,0,11.901798,1/14/2026
QUEENS,2026-01-14 06:00:00+00:00,6.424,0,24500,0,0,0,11.570515,1/14/2026
QUEENS,2026-01-14 07:00:00+00:00,6.024,0,23300,0,0,0,4.896529,1/14/2026
QUEENS,2026-01-14 08:00:00+00:00,5.874,0,25800,0,0,0,6.989936,1/14/2026
QUEENS,2026-01-14 09:00:00+00:00,5.074,0,25800,0,0,0,7.42159,1/14/2026
QUEENS,2026-01-14 10:00:00+00:00,4.174,0,22300,0,0,0,6.9527545,1/14/2026
QUEENS,2026-01-14 11:00:00+00:00,4.424,0,19800,0,0,0,4.452954,1/14/2026
QUEENS,2026-01-14 12:00:00+00:00,4.524,0,23300,0,0,0,6.849467,1/14/2026
QUEENS,2026-01-14 13:00:00+00:00,5.124,0,19600,0,0,0,5.1919937,1/14/2026
QUEENS,2026-01-14 14:00:00+00:00,5.924,0,20800,0,0,0,3.8773184,1/14/2026
QUEENS,2026-01-14 15:00:00+00:00,7.524,0,30000,0,0,0,5.95906,1/14/2026
QUEENS,2026-01-14 16:00:00+00:00,8.074,0,29400,0,0,0,6.9899354,1/14/2026
QUEENS,2026-01-14 17:00:00+00:00,8.224,0,23200,0,0,0,7.072878,1/14/2026
QUEENS,2026-01-14 18:00:00+00:00,8.624,0,30100,0,0,0,6.151683,1/14/2026
QUEENS,2026-01-14 19:00:00+00:00,9.024,0,25500,0,0,0,5.6233797,1/14/2026
QUEENS,2026-01-14 20:00:00+00:00,9.024,0,25300,0,0,0,6.3690495,1/14/2026
QUEENS,2026-01-14 21:00:00+00:00,8.324,0,21700,0,0,0,6.297428,1/14/2026
QUEENS,2026-01-14 22:00:00+00:00,7.374,0,24400,0,0,0,5.7599998,1/14/2026
QUEENS,2026-01-14 23:00:00+00:00,7.024,0,24700,0,0,0,7.2359104,1/14/2026
QUEENS,2026-01-15 00:00:00+00:00,6.424,0,19600,0,0,0,7.5170207,1/15/2026
QUEENS,2026-01-15 01:00:00+00:00,6.624,0,19200,0,0,0,10.853866,1/15/2026
QUEENS,2026-01-15 02:00:00+00:00,6.024,0,17800,0,0,0,11.165805,1/15/2026
QUEENS,2026-01-15 03:00:00+00:00,6.174,0,17300,0,0,0,8.654987,1/15/2026
QUEENS,2026-01-15 04:00:00+00:00,6.324,0,18100,0,0,0,8.654986,1/15/2026
QUEENS,2026-01-15 05:00:00+00:00,5.874,0,19300,0,0,0,9.726665,1/15/2026
QUEENS,2026-01-15 06:00:00+00:00,5.674,0,20200,0,0,0,8.225035,1/15/2026
QUEENS,2026-01-15 07:00:00+00:00,5.124,0,19000,0,0,0,6.849467,1/15/2026
QUEENS,2026-01-15 08:00:00+00:00,5.324,0,18400,0,0,0,8.557102,1/15/2026
QUEENS,2026-01-15 09:00:00+00:00,5.174,0,20900,0,0,0,9,1/15/2026
QUEENS,2026-01-15 10:00:00+00:00,4.924,0,22600,0,0,0,10.703569,1/15/2026
QUEENS,2026-01-15 11:00:00+00:00,5.374,0,23900,0,0,0,9.449572,1/15/2026
QUEENS,2026-01-15 12:00:00+00:00,5.224,0,15300,0,0,0,16.45007,1/15/2026
QUEENS,2026-01-15 13:00:00+00:00,5.474,0,18400,0,0,0,16.45007,1/15/2026
QUEENS,2026-01-15 14:00:00+00:00,5.174,0,25400,0,0,0,20.037485,1/15/2026
QUEENS,2026-01-15 15:00:00+00:00,4.424,0,32400,0,0,0,25.277023,1/15/2026
QUEENS,2026-01-15 16:00:00+00:00,4.224,0,37400,0,0,0,26.415268,1/15/2026
QUEENS,2026-01-15 17:00:00+00:00,3.724,0,41600,0,0,0,26.282463,1/15/2026
QUEENS,2026-01-15 18:00:00+00:00,3.574,0,48600,0,0,0,26.407907,1/15/2026
QUEENS,2026-01-15 19:00:00+00:00,2.974,0,49100,0,0,0,25.071096,1/15/2026
QUEENS,2026-01-15 20:00:00+00:00,2.274,0,51000,0,0,0,23.795427,1/15/2026
QUEENS,2026-01-15 21:00:00+00:00,1.224,0,47500,0,0,0,24.1388,1/15/2026
QUEENS,2026-01-15 22:00:00+00:00,-0.376,0,48700,0,0,0,20.991426,1/15/2026
QUEENS,2026-01-15 23:00:00+00:00,-1.4760001,0,45500,0,0,0,23.177402,1/15/2026
QUEENS,2026-01-16 00:00:00+00:00,-1.9760001,0,45000,0,0,0,22.7057,1/16/2026
QUEENS,2026-01-16 01:00:00+00:00,-2.076,0,45400,0,0,0,21.647945,1/16/2026
QUEENS,2026-01-16 02:00:00+00:00,-2.676,0,48900,0,0,0,15.84,1/16/2026
QUEENS,2026-01-16 03:00:00+00:00,-3.476,0,46300,0,0,0,18.94024,1/16/2026
QUEENS,2026-01-16 04:00:00+00:00,-3.626,0,48700,0,0,0,23.576563,1/16/2026
QUEENS,2026-01-16 05:00:00+00:00,-3.726,0,51200,0,0,0,24.609364,1/16/2026
QUEENS,2026-01-16 06:00:00+00:00,-4.926,0,43800,0,0,0,23.023119,1/16/2026
QUEENS,2026-01-16 07:00:00+00:00,-5.326,0,38800,0,0,0,25.49908,1/16/2026
QUEENS,2026-01-16 08:00:00+00:00,-5.526,0,39800,0,0,0,24.280659,1/16/2026
QUEENS,2026-01-16 09:00:00+00:00,-5.626,0,39400,0,0,0,22.19773,1/16/2026
QUEENS,2026-01-16 10:00:00+00:00,-5.526,0,37700,0,0,0,19.443333,1/16/2026
QUEENS,2026-01-16 11:00:00+00:00,-5.376,0,38900,0,0,0,21.26744,1/16/2026
QUEENS,2026-01-16 12:00:00+00:00,-5.226,0,42400,0,0,0,26.28,1/16/2026
QUEENS,2026-01-16 13:00:00+00:00,-4.926,0,39800,0,0,0,22.392462,1/16/2026
QUEENS,2026-01-16 14:00:00+00:00,-4.026,0,38700,0,0,0,23.576563,1/16/2026
QUEENS,2026-01-16 15:00:00+00:00,-2.626,0,44000,0,0,0,27.381308,1/16/2026
QUEENS,2026-01-16 16:00:00+00:00,-1.676,0,45000,0,0,0,24.522316,1/16/2026
QUEENS,2026-01-16 17:00:00+00:00,-1.176,0,47200,0,0,0,26.220753,1/16/2026
QUEENS,2026-01-16 18:00:00+00:00,-0.526,0,53000,0,0,0,23.14103,1/16/2026
QUEENS,2026-01-16 19:00:00+00:00,-0.026,0,48100,0,0,0,22.253124,1/16/2026
QUEENS,2026-01-16 20:00:00+00:00,0.67399997,0,50700,0,0,0,20.774214,1/16/2026
QUEENS,2026-01-16 21:00:00+00:00,0.724,0,55600,0,0,0,12.7279215,1/16/2026
QUEENS,2026-01-16 22:00:00+00:00,-0.57600003,0,46500,0,0,0,10.739832,1/16/2026
QUEENS,2026-01-16 23:00:00+00:00,-0.276,0,48500,0,0,0,14.799459,1/16/2026
QUEENS,2026-01-17 00:00:00+00:00,-0.026,0,48300,0,0,0,13.217443,1/17/2026
QUEENS,2026-01-17 01:00:00+00:00,-0.57600003,0,44100,0,0,0,11.808878,1/17/2026
QUEENS,2026-01-17 02:00:00+00:00,-0.22600001,0,45900,0,0,0,13.891522,1/17/2026
QUEENS,2026-01-17 03:00:00+00:00,0.074,0,47200,0,0,0,12.287555,1/17/2026
QUEENS,2026-01-17 04:00:00+00:00,0.024,0,43000,0,0,0,10.390226,1/17/2026
QUEENS,2026-01-17 05:00:00+00:00,-0.026,0,40300,0,0,0,10.137692,1/17/2026
QUEENS,2026-01-17 06:00:00+00:00,0.324,0,37600,0,0,0,10.853866,1/17/2026
QUEENS,2026-01-17 07:00:00+00:00,1.0239999,0,36100,0,0,0,7.2359104,1/17/2026
QUEENS,2026-01-17 08:00:00+00:00,1.324,0,41800,0,0,0,12.031756,1/17/2026
QUEENS,2026-01-17 09:00:00+00:00,1.7739999,0,44500,0,0,0,10.495713,1/17/2026
QUEENS,2026-01-17 10:00:00+00:00,2.174,0,39100,0,0,0,4.452954,1/17/2026
QUEENS,2026-01-17 11:00:00+00:00,2.224,0,42200,0,0,0,3.2599385,1/17/2026
QUEENS,2026-01-17 12:00:00+00:00,2.574,0,48700,0,0,0,8.404285,1/17/2026
QUEENS,2026-01-17 13:00:00+00:00,2.774,0,36700,0,0,0,7.8625183,1/17/2026
QUEENS,2026-01-17 14:00:00+00:00,3.874,0,37200,0,0,0,6.87779,1/17/2026
QUEENS,2026-01-17 15:00:00+00:00,4.124,0,49600,0,0,0,10.195057,1/17/2026
QUEENS,2026-01-17 16:00:00+00:00,2.574,0,30200,0,0,0,6.792466,1/17/2026
QUEENS,2026-01-17 17:00:00+00:00,1.824,0,19800,0,0,0,10.948973,1/17/2026
QUEENS,2026-01-17 18:00:00+00:00,1.724,1.3,3100,0.9,0,0.28,18.892282,1/17/2026
QUEENS,2026-01-17 19:00:00+00:00,0.62399995,2,3600,0.5999999,0,0.9800001,7.24486,1/17/2026
QUEENS,2026-01-17 20:00:00+00:00,0.87399995,0.4,14100,0.099999994,0,0.21000001,7.2,1/17/2026
QUEENS,2026-01-17 21:00:00+00:00,1.324,0,14200,0,0,0,9.085988,1/17/2026
QUEENS,2026-01-17 22:00:00+00:00,1.224,0,15500,0,0,0,8.587338,1/17/2026
QUEENS,2026-01-17 23:00:00+00:00,1.224,0,15200,0,0,0,10.028439,1/17/2026
QUEENS,2026-01-18 00:00:00+00:00,0.774,0,14600,0,0,0,6.924738,1/18/2026
QUEENS,2026-01-18 01:00:00+00:00,-0.276,0,13700,0,0,0,1.1384199,1/18/2026
QUEENS,2026-01-18 02:00:00+00:00,-0.676,0,13500,0,0,0,4.8965297,1/18/2026
QUEENS,2026-01-18 03:00:00+00:00,-0.57600003,0,12900,0,0,0,3.8939953,1/18/2026
QUEENS,2026-01-18 04:00:00+00:00,-0.726,0,13700,0,0,0,3.396233,1/18/2026
QUEENS,2026-01-18 05:00:00+00:00,-0.726,0,13300,0,0,0,2.9024127,1/18/2026
QUEENS,2026-01-18 06:00:00+00:00,-0.426,0,15100,0,0,0,3.319036,1/18/2026
QUEENS,2026-01-18 07:00:00+00:00,-0.526,0,14000,0,0,0,2.52,1/18/2026
QUEENS,2026-01-18 08:00:00+00:00,-0.376,0,12200,0,0,0,4.1046314,1/18/2026
QUEENS,2026-01-18 09:00:00+00:00,-0.426,0,12200,0,0,0,2.968636,1/18/2026
QUEENS,2026-01-18 10:00:00+00:00,-0.026,0,12900,0,0,0,2.8116899,1/18/2026
QUEENS,2026-01-18 11:00:00+00:00,0.124000005,0,1200,0,0,0,5.4477882,1/18/2026
QUEENS,2026-01-18 12:00:00+00:00,0.574,0.8,4800,0.4,0,0.28,0.35999998,1/18/2026
QUEENS,2026-01-18 13:00:00+00:00,0.474,0.8,9100,0.3,0,0.35,3.2599385,1/18/2026
QUEENS,2026-01-18 14:00:00+00:00,0.124000005,0.70000005,5100,0.30000004,0,0.28,2.7416782,1/18/2026
QUEENS,2026-01-18 15:00:00+00:00,0.424,1,2000,0.3,0,0.48999998,3.0547013,1/18/2026
QUEENS,2026-01-18 16:00:00+00:00,0.87399995,0.4,12200,0.099999994,0,0.21000001,5.3999996,1/18/2026
QUEENS,2026-01-18 17:00:00+00:00,0.62399995,0,12200,0,0,0,8.473393,1/18/2026
QUEENS,2026-01-18 18:00:00+00:00,0.87399995,0,12200,0,0,0,11.966953,1/18/2026
QUEENS,2026-01-18 19:00:00+00:00,0.92399997,0.1,12200,0,0,0.07,14.113653,1/18/2026
QUEENS,2026-01-18 20:00:00+00:00,0.67399997,0,7100,0,0,0,13.797912,1/18/2026
QUEENS,2026-01-18 21:00:00+00:00,0.62399995,0,14100,0,0,0,12.324414,1/18/2026
QUEENS,2026-01-18 22:00:00+00:00,0.524,0.2,7400,0,0,0.14,10.464798,1/18/2026
QUEENS,2026-01-18 23:00:00+00:00,0.27400002,0.6,3700,0.3,0,0.21000001,13.849477,1/18/2026
QUEENS,2026-01-19 00:00:00+00:00,0.224,0.4,5200,0.099999994,0,0.21000001,13.746156,1/19/2026
QUEENS,2026-01-19 01:00:00+00:00,0.024,0.7,1200,0.29999998,0,0.28,15.349684,1/19/2026
QUEENS,2026-01-19 02:00:00+00:00,-0.326,1.1,3700,0.3,0,0.56,15.30741,1/19/2026
QUEENS,2026-01-19 03:00:00+00:00,-0.57600003,0.3,13500,0,0,0.21000001,11.923557,1/19/2026
QUEENS,2026-01-19 04:00:00+00:00,-0.526,0,14100,0,0,0,11.019764,1/19/2026
QUEENS,2026-01-19 05:00:00+00:00,-0.976,0,15700,0,0,0,11.923557,1/19/2026
QUEENS,2026-01-19 06:00:00+00:00,-1.526,0,14400,0,0,0,7.2359104,1/19/2026
QUEENS,2026-01-19 07:00:00+00:00,-1.326,0,15500,0,0,0,8.647496,1/19/2026
QUEENS,2026-01-19 08:00:00+00:00,-1.326,0,16100,0,0,0,9.028754,1/19/2026
QUEENS,2026-01-19 09:00:00+00:00,-1.276,0,17500,0,0,0,14.986553,1/19/2026
QUEENS,2026-01-19 10:00:00+00:00,-2.376,0,16400,0,0,0,16.394829,1/19/2026
QUEENS,2026-01-19 11:00:00+00:00,-3.176,0,17600,0,0,0,15.03835,1/19/2026
QUEENS,2026-01-19 12:00:00+00:00,-4.526,0,17900,0,0,0,10.948973,1/19/2026
QUEENS,2026-01-19 13:00:00+00:00,-4.726,0,18500,0,0,0,12.015589,1/19/2026
QUEENS,2026-01-19 14:00:00+00:00,-4.326,0,23100,0,0,0,16.75064,1/19/2026
QUEENS,2026-01-19 15:00:00+00:00,-3.576,0,27900,0,0,0,18.175545,1/19/2026
QUEENS,2026-01-19 16:00:00+00:00,-2.376,0,28600,0,0,0,16.87398,1/19/2026
QUEENS,2026-01-19 17:00:00+00:00,-1.326,0,29400,0,0,0,16.179987,1/19/2026
QUEENS,2026-01-19 18:00:00+00:00,-0.676,0,28200,0,0,0,18.59845,1/19/2026
QUEENS,2026-01-19 19:00:00+00:00,0.024,0,30300,0,0,0,21.868332,1/19/2026
QUEENS,2026-01-19 20:00:00+00:00,-0.176,0,34300,0,0,0,22.553934,1/19/2026
QUEENS,2026-01-19 21:00:00+00:00,-0.57600003,0,40000,0,0,0,22.26477,1/19/2026
QUEENS,2026-01-19 22:00:00+00:00,-0.87600005,0,40000,0,0,0,15.94601,1/19/2026
QUEENS,2026-01-19 23:00:00+00:00,-0.676,0,37200,0,0,0,10.44,1/19/2026
QUEENS,2026-01-20 00:00:00+00:00,-0.62600005,0,34000,0,0,0,12.261157,1/20/2026
QUEENS,2026-01-20 01:00:00+00:00,-0.526,0,33200,0,0,0,15.629971,1/20/2026
QUEENS,2026-01-20 02:00:00+00:00,-0.176,0,28900,0,0,0,17.610588,1/20/2026
QUEENS,2026-01-20 03:00:00+00:00,-0.526,0,49100,0,0,0,24.569832,1/20/2026
QUEENS,2026-01-20 04:00:00+00:00,-1.326,0,50600,0,0,0,23.411074,1/20/2026
QUEENS,2026-01-20 05:00:00+00:00,-1.826,0,59000,0,0,0,24.905132,1/20/2026
QUEENS,2026-01-20 06:00:00+00:00,-2.926,0,48800,0,0,0,29.574827,1/20/2026
QUEENS,2026-01-20 07:00:00+00:00,-4.126,0,51500,0,0,0,24.442911,1/20/2026
QUEENS,2026-01-20 08:00:00+00:00,-5.426,0,45400,0,0,0,15.941944,1/20/2026
QUEENS,2026-01-20 09:00:00+00:00,-6.026,0,42500,0,0,0,18.806337,1/20/2026
QUEENS,2026-01-20 10:00:00+00:00,-6.826,0,41700,0,0,0,19.083395,1/20/2026
QUEENS,2026-01-20 11:00:00+00:00,-7.576,0,40800,0,0,0,18.391735,1/20/2026
QUEENS,2026-01-20 12:00:00+00:00,-8.176,0,35800,0,0,0,17.373497,1/20/2026
QUEENS,2026-01-20 13:00:00+00:00,-8.326,0,34300,0,0,0,17.518356,1/20/2026
QUEENS,2026-01-20 14:00:00+00:00,-7.626,0,37500,0,0,0,20.265795,1/20/2026
QUEENS,2026-01-20 15:00:00+00:00,-7.226,0,40800,0,0,0,21.542923,1/20/2026
QUEENS,2026-01-20 16:00:00+00:00,-6.426,0,46300,0,0,0,23.535301,1/20/2026
QUEENS,2026-01-20 17:00:00+00:00,-5.876,0,49300,0,0,0,24.216522,1/20/2026
QUEENS,2026-01-20 18:00:00+00:00,-5.526,0,50200,0,0,0,25.264202,1/20/2026
QUEENS,2026-01-20 19:00:00+00:00,-5.326,0,50500,0,0,0,22.346113,1/20/2026
QUEENS,2026-01-20 20:00:00+00:00,-5.226,0,51600,0,0,0,22.782625,1/20/2026
QUEENS,2026-01-20 21:00:00+00:00,-5.626,0,52900,0,0,0,23.14103,1/20/2026
QUEENS,2026-01-20 22:00:00+00:00,-6.426,0,51600,0,0,0,19.70815,1/20/2026
QUEENS,2026-01-20 23:00:00+00:00,-6.726,0,47300,0,0,0,17.727943,1/20/2026
QUEENS,2026-01-21 00:00:00+00:00,-7.226,0,48900,0,0,0,16.055353,1/21/2026
QUEENS,2026-01-21 01:00:00+00:00,-7.576,0,49400,0,0,0,13.358861,1/21/2026
QUEENS,2026-01-21 02:00:00+00:00,-7.726,0,47900,0,0,0,12.144331,1/21/2026
QUEENS,2026-01-21 03:00:00+00:00,-7.626,0,47600,0,0,0,12.768586,1/21/2026
QUEENS,2026-01-21 04:00:00+00:00,-7.826,0,45000,0,0,0,13.358861,1/21/2026
BRONX,2026-01-14 05:00:00+00:00,5.726,0,31700,0,0,0,11.043261,1/14/2026
BRONX,2026-01-14 06:00:00+00:00,6.076,0,29700,0,0,0,6.519877,1/14/2026
BRONX,2026-01-14 07:00:00+00:00,6.126,0,30200,0,0,0,6.162207,1/14/2026
BRONX,2026-01-14 08:00:00+00:00,5.126,0,27500,0,0,0,6.5693827,1/14/2026
BRONX,2026-01-14 09:00:00+00:00,5.176,0,33000,0,0,0,7.5685663,1/14/2026
BRONX,2026-01-14 10:00:00+00:00,4.376,0,30000,0,0,0,4.6938252,1/14/2026
BRONX,2026-01-14 11:00:00+00:00,4.876,0,38500,0,0,0,5.8048253,1/14/2026
BRONX,2026-01-14 12:00:00+00:00,4.826,0,40900,0,0,0,5.154415,1/14/2026
BRONX,2026-01-14 13:00:00+00:00,5.676,0,41200,0,0,0,5.495161,1/14/2026
BRONX,2026-01-14 14:00:00+00:00,6.576,0,38300,0,0,0,5.815978,1/14/2026
BRONX,2026-01-14 15:00:00+00:00,8.076,0,44300,0,0,0,11.631956,1/14/2026
BRONX,2026-01-14 16:00:00+00:00,8.676,0,47900,0,0,0,7.5942082,1/14/2026
BRONX,2026-01-14 17:00:00+00:00,9.476,0,44400,0,0,0,6.489992,1/14/2026
BRONX,2026-01-14 18:00:00+00:00,10.026,0,47900,0,0,0,2.9024127,1/14/2026
BRONX,2026-01-14 19:00:00+00:00,10.626,0,45600,0,0,0,2.4149535,1/14/2026
BRONX,2026-01-14 20:00:00+00:00,10.376,0,40600,0,0,0,4.68,1/14/2026
BRONX,2026-01-14 21:00:00+00:00,9.976,0,34900,0,0,0,6.1305785,1/14/2026
BRONX,2026-01-14 22:00:00+00:00,8.576,0,31000,0,0,0,6.725354,1/14/2026
BRONX,2026-01-14 23:00:00+00:00,8.226,0,29800,0,0,0,9.346143,1/14/2026
BRONX,2026-01-15 00:00:00+00:00,7.376,0,25200,0,0,0,7.92,1/15/2026
BRONX,2026-01-15 01:00:00+00:00,6.926,0,21100,0,0,0,6.696387,1/15/2026
BRONX,2026-01-15 02:00:00+00:00,6.326,0,19500,0,0,0,7.2,1/15/2026
BRONX,2026-01-15 03:00:00+00:00,6.476,0,20800,0,0,0,3.8773184,1/15/2026
BRONX,2026-01-15 04:00:00+00:00,6.476,0,16600,0,0,0,7.9932966,1/15/2026
BRONX,2026-01-15 05:00:00+00:00,5.876,0,18000,0,0,0,7.42159,1/15/2026
BRONX,2026-01-15 06:00:00+00:00,6.076,0,21400,0,0,0,8.905908,1/15/2026
BRONX,2026-01-15 07:00:00+00:00,5.726,0,23400,0,0,0,9.904906,1/15/2026
BRONX,2026-01-15 08:00:00+00:00,6.226,0,23200,0,0,0,6.792466,1/15/2026
BRONX,2026-01-15 09:00:00+00:00,5.676,0,22200,0,0,0,5.991594,1/15/2026
BRONX,2026-01-15 10:00:00+00:00,5.426,0,23100,0,0,0,8.209263,1/15/2026
BRONX,2026-01-15 11:00:00+00:00,6.226,0,25400,0,0,0,10.315115,1/15/2026
BRONX,2026-01-15 12:00:00+00:00,5.326,0,19000,0,0,0,11.720751,1/15/2026
BRONX,2026-01-15 13:00:00+00:00,5.626,0,15600,0,0,0,14.973577,1/15/2026
BRONX,2026-01-15 14:00:00+00:00,6.226,0,31700,0,0,0,24.819122,1/15/2026
BRONX,2026-01-15 15:00:00+00:00,4.776,0,28500,0,0,0,25.071098,1/15/2026
BRONX,2026-01-15 16:00:00+00:00,5.076,0,38500,0,0,0,26.807312,1/15/2026
BRONX,2026-01-15 17:00:00+00:00,4.526,0,41900,0,0,0,27.553524,1/15/2026
BRONX,2026-01-15 18:00:00+00:00,4.276,0,48900,0,0,0,26.564486,1/15/2026
BRONX,2026-01-15 19:00:00+00:00,3.726,0,50000,0,0,0,24.590923,1/15/2026
BRONX,2026-01-15 20:00:00+00:00,2.926,0,48300,0,0,0,24.703976,1/15/2026
BRONX,2026-01-15 21:00:00+00:00,1.426,0,49900,0,0,0,24.64094,1/15/2026
BRONX,2026-01-15 22:00:00+00:00,0.126,0,53600,0,0,0,23.000591,1/15/2026
BRONX,2026-01-15 23:00:00+00:00,-1.174,0,47900,0,0,0,23.157824,1/15/2026
BRONX,2026-01-16 00:00:00+00:00,-1.824,0,47800,0,0,0,21.38897,1/16/2026
BRONX,2026-01-16 01:00:00+00:00,-4.074,0,43500,0,0,0,14.440443,1/16/2026
BRONX,2026-01-16 02:00:00+00:00,-3.624,0,50900,0,0,0,19.881649,1/16/2026
BRONX,2026-01-16 03:00:00+00:00,-4.124,0,49300,0,0,0,17.377226,1/16/2026
BRONX,2026-01-16 04:00:00+00:00,-4.774,0,45900,0,0,0,18.671474,1/16/2026
BRONX,2026-01-16 05:00:00+00:00,-4.974,0,51700,0,0,0,21.38897,1/16/2026
BRONX,2026-01-16 06:00:00+00:00,-5.274,0,43800,0,0,0,24.098497,1/16/2026
BRONX,2026-01-16 07:00:00+00:00,-5.624,0,39500,0,0,0,25.582806,1/16/2026
BRONX,2026-01-16 08:00:00+00:00,-5.774,0,40800,0,0,0,27.181787,1/16/2026
BRONX,2026-01-16 09:00:00+00:00,-5.874,0,39200,0,0,0,23.177402,1/16/2026
BRONX,2026-01-16 10:00:00+00:00,-5.824,0,38200,0,0,0,20.892412,1/16/2026
BRONX,2026-01-16 11:00:00+00:00,-5.674,0,39700,0,0,0,21.38897,1/16/2026
BRONX,2026-01-16 12:00:00+00:00,-5.824,0,40700,0,0,0,31.845251,1/16/2026
BRONX,2026-01-16 13:00:00+00:00,-5.524,0,40500,0,0,0,21.288757,1/16/2026
BRONX,2026-01-16 14:00:00+00:00,-4.174,0,40800,0,0,0,22.881956,1/16/2026
BRONX,2026-01-16 15:00:00+00:00,-2.824,0,45800,0,0,0,25.570139,1/16/2026
BRONX,2026-01-16 16:00:00+00:00,-1.5239999,0,46200,0,0,0,24.881702,1/16/2026
BRONX,2026-01-16 17:00:00+00:00,-0.67399997,0,48800,0,0,0,25.812277,1/16/2026
BRONX,2026-01-16 18:00:00+00:00,0.026,0,53500,0,0,0,23.377836,1/16/2026
BRONX,2026-01-16 19:00:00+00:00,0.376,0,52900,0,0,0,20.870687,1/16/2026
BRONX,2026-01-16 20:00:00+00:00,0.82600003,0,53300,0,0,0,19.839235,1/16/2026
BRONX,2026-01-16 21:00:00+00:00,0.57600003,0,54700,0,0,0,13.138765,1/16/2026
BRONX,2026-01-16 22:00:00+00:00,-0.324,0,56500,0,0,0,7.9036193,1/16/2026
BRONX,2026-01-16 23:00:00+00:00,-1.474,0,58300,0,0,0,10.163227,1/16/2026
BRONX,2026-01-17 00:00:00+00:00,-1.7739999,0,57200,0,0,0,10.086427,1/17/2026
BRONX,2026-01-17 01:00:00+00:00,-2.524,0,46600,0,0,0,7.24486,1/17/2026
BRONX,2026-01-17 02:00:00+00:00,-2.424,0,46900,0,0,0,11.681987,1/17/2026
BRONX,2026-01-17 03:00:00+00:00,-0.424,0,56200,0,0,0,8.654986,1/17/2026
BRONX,2026-01-17 04:00:00+00:00,-0.724,0,54100,0,0,0,9.422101,1/17/2026
BRONX,2026-01-17 05:00:00+00:00,-1.574,0,48900,0,0,0,11.183201,1/17/2026
BRONX,2026-01-17 06:00:00+00:00,-1.324,0,49000,0,0,0,11.609651,1/17/2026
BRONX,2026-01-17 07:00:00+00:00,-0.824,0,47800,0,0,0,12.429127,1/17/2026
BRONX,2026-01-17 08:00:00+00:00,0.426,0,45300,0,0,0,11.841756,1/17/2026
BRONX,2026-01-17 09:00:00+00:00,0.926,0,44300,0,0,0,3.396233,1/17/2026
BRONX,2026-01-17 10:00:00+00:00,0.82600003,0,31400,0,0,0,3.8773184,1/17/2026
BRONX,2026-01-17 11:00:00+00:00,1.026,0,30100,0,0,0,4.379589,1/17/2026
BRONX,2026-01-17 12:00:00+00:00,1.526,0,45000,0,0,0,5.771239,1/17/2026
BRONX,2026-01-17 13:00:00+00:00,1.776,0,55100,0,0,0,5.0528407,1/17/2026
BRONX,2026-01-17 14:00:00+00:00,2.876,0,36800,0,0,0,10.239453,1/17/2026
BRONX,2026-01-17 15:00:00+00:00,4.426,0,55700,0,0,0,12.261157,1/17/2026
BRONX,2026-01-17 16:00:00+00:00,2.026,0.3,27700,0.20000002,0,0.07,8.14587,1/17/2026
BRONX,2026-01-17 17:00:00+00:00,-0.074,0.70000005,1800,0.20000005,0,0.35,8.311245,1/17/2026
BRONX,2026-01-17 18:00:00+00:00,0.326,1.8,1600,0.5,0,0.90999997,7.2,1/17/2026
BRONX,2026-01-17 19:00:00+00:00,0.376,1.5,3000,0.39999998,0,0.77,6.9153743,1/17/2026
BRONX,2026-01-17 20:00:00+00:00,0.426,0.2,14500,0,0,0.14,6.618519,1/17/2026
BRONX,2026-01-17 21:00:00+00:00,0.62600005,0,14400,0,0,0,7.9036193,1/17/2026
BRONX,2026-01-17 22:00:00+00:00,0.776,0,15000,0,0,0,10.464797,1/17/2026
BRONX,2026-01-17 23:00:00+00:00,0.076000005,0,14800,0,0,0,9.673221,1/17/2026
BRONX,2026-01-18 00:00:00+00:00,-0.074,0,14900,0,0,0,6.792466,1/18/2026
BRONX,2026-01-18 01:00:00+00:00,-0.574,0,14300,0,0,0,2.7416782,1/18/2026
BRONX,2026-01-18 02:00:00+00:00,-0.724,0,14400,0,0,0,5.692099,1/18/2026
BRONX,2026-01-18 03:00:00+00:00,-0.67399997,0,14200,0,0,0,5.634891,1/18/2026
BRONX,2026-01-18 04:00:00+00:00,-0.724,0,14300,0,0,0,3.4152596,1/18/2026
BRONX,2026-01-18 05:00:00+00:00,-0.824,0,15000,0,0,0,1.2979984,1/18/2026
BRONX,2026-01-18 06:00:00+00:00,-0.574,0,15100,0,0,0,3.8773184,1/18/2026
BRONX,2026-01-18 07:00:00+00:00,-0.724,0,14300,0,0,0,2.7416782,1/18/2026
BRONX,2026-01-18 08:00:00+00:00,-0.574,0,13600,0,0,0,3.671294,1/18/2026
BRONX,2026-01-18 09:00:00+00:00,-0.424,0,12400,0,0,0,4.0249224,1/18/2026
BRONX,2026-01-18 10:00:00+00:00,0.076000005,0.1,13100,0,0,0.07,3.219938,1/18/2026
BRONX,2026-01-18 11:00:00+00:00,0.076000005,0,6800,0,0,0,6.696387,1/18/2026
BRONX,2026-01-18 12:00:00+00:00,0.176,0.3,5400,0.20000002,0,0.07,1.609969,1/18/2026
BRONX,2026-01-18 13:00:00+00:00,0.126,0.6,1400,0.3,0,0.21000001,1.8,1/18/2026
BRONX,2026-01-18 14:00:00+00:00,0.176,0.90000004,1300,0.3,0,0.42000002,2.0364676,1/18/2026
BRONX,2026-01-18 15:00:00+00:00,0.22600001,1.2,2100,0.40000004,0,0.56,2.1897945,1/18/2026
BRONX,2026-01-18 16:00:00+00:00,0.676,0.2,200,0,0,0.14,4.6800003,1/18/2026
BRONX,2026-01-18 17:00:00+00:00,0.426,0,200,0,0,0,8.891344,1/18/2026
BRONX,2026-01-18 18:00:00+00:00,0.776,0.3,12200,0,0,0.21000001,8.311245,1/18/2026
BRONX,2026-01-18 19:00:00+00:00,0.726,0.3,13300,0.10000001,0,0.14,8.4042845,1/18/2026
BRONX,2026-01-18 20:00:00+00:00,0.82600003,0,13200,0,0,0,9.0645685,1/18/2026
BRONX,2026-01-18 21:00:00+00:00,0.726,0,15000,0,0,0,9.3876505,1/18/2026
BRONX,2026-01-18 22:00:00+00:00,0.326,0.3,11600,0,0,0.21000001,9.885262,1/18/2026
BRONX,2026-01-18 23:00:00+00:00,0.126,0.3,3400,0,0,0.21000001,12.096214,1/18/2026
BRONX,2026-01-19 00:00:00+00:00,0.176,0.6,4600,0.3,0,0.21000001,12.229406,1/19/2026
BRONX,2026-01-19 01:00:00+00:00,-0.024,0.7,2200,0.29999998,0,0.28,14.904173,1/19/2026
BRONX,2026-01-19 02:00:00+00:00,-0.27400002,0.8,2800,0.3,0,0.35,13.608762,1/19/2026
BRONX,2026-01-19 03:00:00+00:00,-0.524,0.3,13400,0,0,0.21000001,11.304229,1/19/2026
BRONX,2026-01-19 04:00:00+00:00,-1.224,0,15100,0,0,0,14.799459,1/19/2026
BRONX,2026-01-19 05:00:00+00:00,-1.2739999,0,15300,0,0,0,11.808878,1/19/2026
BRONX,2026-01-19 06:00:00+00:00,-1.724,0,15500,0,0,0,10.587918,1/19/2026
BRONX,2026-01-19 07:00:00+00:00,-2.124,0,15200,0,0,0,9.779817,1/19/2026
BRONX,2026-01-19 08:00:00+00:00,-2.374,0,15400,0,0,0,7.968939,1/19/2026
BRONX,2026-01-19 09:00:00+00:00,-3.224,0,15200,0,0,0,7.172949,1/19/2026
BRONX,2026-01-19 10:00:00+00:00,-2.724,0,15300,0,0,0,11.090103,1/19/2026
BRONX,2026-01-19 11:00:00+00:00,-2.874,0,17400,0,0,0,11.966953,1/19/2026
BRONX,2026-01-19 12:00:00+00:00,-4.274,0,21300,0,0,0,9.449572,1/19/2026
BRONX,2026-01-19 13:00:00+00:00,-4.274,0,20000,0,0,0,9.659814,1/19/2026
BRONX,2026-01-19 14:00:00+00:00,-4.074,0,20700,0,0,0,12.879752,1/19/2026
BRONX,2026-01-19 15:00:00+00:00,-3.624,0,29600,0,0,0,18.430452,1/19/2026
BRONX,2026-01-19 16:00:00+00:00,-2.774,0,28400,0,0,0,17.373497,1/19/2026
BRONX,2026-01-19 17:00:00+00:00,-1.874,0,28400,0,0,0,16.981165,1/19/2026
BRONX,2026-01-19 18:00:00+00:00,-1.374,0,30800,0,0,0,19.134262,1/19/2026
BRONX,2026-01-19 19:00:00+00:00,-0.824,0,31400,0,0,0,20.883102,1/19/2026
BRONX,2026-01-19 20:00:00+00:00,-1.224,0,35400,0,0,0,20.65848,1/19/2026
BRONX,2026-01-19 21:00:00+00:00,-1.924,0,35800,0,0,0,18.504139,1/19/2026
BRONX,2026-01-19 22:00:00+00:00,-2.274,0,35600,0,0,0,11.720751,1/19/2026
BRONX,2026-01-19 23:00:00+00:00,-2.574,0,34500,0,0,0,9.885262,1/19/2026
BRONX,2026-01-20 00:00:00+00:00,-2.824,0,32400,0,0,0,10.144082,1/20/2026
BRONX,2026-01-20 01:00:00+00:00,-2.724,0,30500,0,0,0,12.24,1/20/2026
BRONX,2026-01-20 02:00:00+00:00,-2.824,0,32100,0,0,0,14.4,1/20/2026
BRONX,2026-01-20 03:00:00+00:00,-2.874,0,40500,0,0,0,18.692286,1/20/2026
BRONX,2026-01-20 04:00:00+00:00,-3.474,0,51700,0,0,0,17.31746,1/20/2026
BRONX,2026-01-20 05:00:00+00:00,-4.474,0,46700,0,0,0,15.484185,1/20/2026
BRONX,2026-01-20 06:00:00+00:00,-5.324,0,47700,0,0,0,19.469976,1/20/2026
BRONX,2026-01-20 07:00:00+00:00,-6.074,0,46000,0,0,0,17.28,1/20/2026
BRONX,2026-01-20 08:00:00+00:00,-6.874,0,39100,0,0,0,11.542478,1/20/2026
BRONX,2026-01-20 09:00:00+00:00,-7.424,0,40800,0,0,0,16.203999,1/20/2026
BRONX,2026-01-20 10:00:00+00:00,-7.874,0,38600,0,0,0,15.5843,1/20/2026
BRONX,2026-01-20 11:00:00+00:00,-8.474,0,38700,0,0,0,13.450708,1/20/2026
BRONX,2026-01-20 12:00:00+00:00,-8.824,0,36300,0,0,0,13.450708,1/20/2026
BRONX,2026-01-20 13:00:00+00:00,-8.774,0,35200,0,0,0,15.034041,1/20/2026
BRONX,2026-01-20 14:00:00+00:00,-8.074,0,38500,0,0,0,19.586117,1/20/2026
BRONX,2026-01-20 15:00:00+00:00,-7.324,0,42700,0,0,0,21.2522,1/20/2026
BRONX,2026-01-20 16:00:00+00:00,-6.724,0,44100,0,0,0,22.608458,1/20/2026
BRONX,2026-01-20 17:00:00+00:00,-6.074,0,47700,0,0,0,23.499481,1/20/2026
BRONX,2026-01-20 18:00:00+00:00,-5.724,0,50700,0,0,0,24.442911,1/20/2026
BRONX,2026-01-20 19:00:00+00:00,-5.474,0,52200,0,0,0,22.346113,1/20/2026
BRONX,2026-01-20 20:00:00+00:00,-5.374,0,52600,0,0,0,21.188072,1/20/2026
BRONX,2026-01-20 21:00:00+00:00,-5.574,0,54800,0,0,0,21.322214,1/20/2026
BRONX,2026-01-20 22:00:00+00:00,-6.274,0,54800,0,0,0,19.211996,1/20/2026
BRONX,2026-01-20 23:00:00+00:00,-6.824,0,50200,0,0,0,16.418526,1/20/2026
BRONX,2026-01-21 00:00:00+00:00,-7.674,0,44000,0,0,0,10.739833,1/21/2026
BRONX,2026-01-21 01:00:00+00:00,-8.374,0,41000,0,0,0,10.041354,1/21/2026
BRONX,2026-01-21 02:00:00+00:00,-8.674,0,41600,0,0,0,9.021574,1/21/2026
BRONX,2026-01-21 03:00:00+00:00,-8.774,0,45700,0,0,0,11.885453,1/21/2026
BRONX,2026-01-21 04:00:00+00:00,-8.824,0,45800,0,0,0,11.269782,1/21/2026
STATEN ISLAND,2026-01-14 05:00:00+00:00,3.815,0,25000,0,0,0,8.78872,1/14/2026
STATEN ISLAND,2026-01-14 06:00:00+00:00,4.6150002,0,24600,0,0,0,5.04,1/14/2026
STATEN ISLAND,2026-01-14 07:00:00+00:00,4.6150002,0,31600,0,0,0,6.638072,1/14/2026
STATEN ISLAND,2026-01-14 08:00:00+00:00,4.515,0,38300,0,0,0,8.404285,1/14/2026
STATEN ISLAND,2026-01-14 09:00:00+00:00,3.315,0,33900,0,0,0,10.799999,1/14/2026
STATEN ISLAND,2026-01-14 10:00:00+00:00,3.015,0,30100,0,0,0,5.4119864,1/14/2026
STATEN ISLAND,2026-01-14 11:00:00+00:00,3.765,0,37200,0,0,0,6.9899354,1/14/2026
STATEN ISLAND,2026-01-14 12:00:00+00:00,3.9650002,0,42600,0,0,0,5.00128,1/14/2026
STATEN ISLAND,2026-01-14 13:00:00+00:00,3.365,0,35100,0,0,0,5.1919937,1/14/2026
STATEN ISLAND,2026-01-14 14:00:00+00:00,4.8650002,0,37200,0,0,0,2.9024127,1/14/2026
STATEN ISLAND,2026-01-14 15:00:00+00:00,7.815,0,37900,0,0,0,6.519877,1/14/2026
STATEN ISLAND,2026-01-14 16:00:00+00:00,8.964999,0,36400,0,0,0,6.638072,1/14/2026
STATEN ISLAND,2026-01-14 17:00:00+00:00,9.714999,0,37500,0,0,0,4.73506,1/14/2026
STATEN ISLAND,2026-01-14 18:00:00+00:00,9.115,0,32500,0,0,0,5.315336,1/14/2026
STATEN ISLAND,2026-01-14 19:00:00+00:00,8.514999,0,26500,0,0,0,6.8777895,1/14/2026
STATEN ISLAND,2026-01-14 20:00:00+00:00,8.714999,0,28500,0,0,0,6.297428,1/14/2026
STATEN ISLAND,2026-01-14 21:00:00+00:00,8.115,0,28100,0,0,0,7.6367526,1/14/2026
STATEN ISLAND,2026-01-14 22:00:00+00:00,6.465,0,22900,0,0,0,8.78872,1/14/2026
STATEN ISLAND,2026-01-14 23:00:00+00:00,5.8650002,0,19800,0,0,0,11.113451,1/14/2026
STATEN ISLAND,2026-01-15 00:00:00+00:00,6.1150002,0,25200,0,0,0,6.28713,1/15/2026
STATEN ISLAND,2026-01-15 01:00:00+00:00,5.965,0,21300,0,0,0,8.557102,1/15/2026
STATEN ISLAND,2026-01-15 02:00:00+00:00,6.1150002,0,22700,0,0,0,7.653705,1/15/2026
STATEN ISLAND,2026-01-15 03:00:00+00:00,6.165,0,21600,0,0,0,7.5685663,1/15/2026
STATEN ISLAND,2026-01-15 04:00:00+00:00,6.1150002,0,22600,0,0,0,5.0142193,1/15/2026
STATEN ISLAND,2026-01-15 05:00:00+00:00,5.165,0,21500,0,0,0,9.255571,1/15/2026
STATEN ISLAND,2026-01-15 06:00:00+00:00,5.265,0,23700,0,0,0,6.87779,1/15/2026
STATEN ISLAND,2026-01-15 07:00:00+00:00,4.8650002,0,22100,0,0,0,8.714677,1/15/2026
STATEN ISLAND,2026-01-15 08:00:00+00:00,5.1150002,0,24700,0,0,0,10.1887,1/15/2026
STATEN ISLAND,2026-01-15 09:00:00+00:00,4.965,0,24700,0,0,0,8.913181,1/15/2026
STATEN ISLAND,2026-01-15 10:00:00+00:00,4.465,0,22700,0,0,0,12.031756,1/15/2026
STATEN ISLAND,2026-01-15 11:00:00+00:00,5.215,0,19200,0,0,0,11.720751,1/15/2026
STATEN ISLAND,2026-01-15 12:00:00+00:00,4.915,0.3,13400,0.3,0,0,10.703569,1/15/2026
STATEN ISLAND,2026-01-15 13:00:00+00:00,4.815,0,20500,0,0,0,19.914217,1/15/2026
STATEN ISLAND,2026-01-15 14:00:00+00:00,3.915,0,23600,0,0,0,25.812277,1/15/2026
STATEN ISLAND,2026-01-15 15:00:00+00:00,3.365,0,31800,0,0,0,26.6327,1/15/2026
STATEN ISLAND,2026-01-15 16:00:00+00:00,2.7150002,0,34700,0,0,0,26.987997,1/15/2026
STATEN ISLAND,2026-01-15 17:00:00+00:00,2.615,0,41200,0,0,0,28.241076,1/15/2026
STATEN ISLAND,2026-01-15 18:00:00+00:00,2.515,0,44200,0,0,0,27.792374,1/15/2026
STATEN ISLAND,2026-01-15 19:00:00+00:00,2.415,0,46300,0,0,0,24.993439,1/15/2026
STATEN ISLAND,2026-01-15 20:00:00+00:00,1.415,0,43900,0,0,0,25.068514,1/15/2026
STATEN ISLAND,2026-01-15 21:00:00+00:00,0.265,0,46400,0,0,0,22.45315,1/15/2026
STATEN ISLAND,2026-01-15 22:00:00+00:00,-1.435,0,41500,0,0,0,20.265795,1/15/2026
STATEN ISLAND,2026-01-15 23:00:00+00:00,-1.935,0,43800,0,0,0,25.210283,1/15/2026
STATEN ISLAND,2026-01-16 00:00:00+00:00,-2.135,0,45300,0,0,0,25.050413,1/16/2026
STATEN ISLAND,2026-01-16 01:00:00+00:00,-2.335,0,47600,0,0,0,23.400002,1/16/2026
STATEN ISLAND,2026-01-16 02:00:00+00:00,-2.885,0,47200,0,0,0,27.887802,1/16/2026
STATEN ISLAND,2026-01-16 03:00:00+00:00,-3.585,0,48000,0,0,0,24.162945,1/16/2026
STATEN ISLAND,2026-01-16 04:00:00+00:00,-4.585,0,42000,0,0,0,19.881649,1/16/2026
STATEN ISLAND,2026-01-16 05:00:00+00:00,-5.035,0,38800,0,0,0,20.907913,1/16/2026
STATEN ISLAND,2026-01-16 06:00:00+00:00,-5.1349998,0,38300,0,0,0,21.67487,1/16/2026
STATEN ISLAND,2026-01-16 07:00:00+00:00,-5.485,0,37400,0,0,0,25.620771,1/16/2026
STATEN ISLAND,2026-01-16 08:00:00+00:00,-5.785,0,38800,0,0,0,25.171696,1/16/2026
STATEN ISLAND,2026-01-16 09:00:00+00:00,-6.035,0,38400,0,0,0,23.441502,1/16/2026
STATEN ISLAND,2026-01-16 10:00:00+00:00,-6.335,0,37100,0,0,0,19.829433,1/16/2026
STATEN ISLAND,2026-01-16 11:00:00+00:00,-6.235,0,38600,0,0,0,23.40277,1/16/2026
STATEN ISLAND,2026-01-16 12:00:00+00:00,-6.185,0,39400,0,0,0,22.91026,1/16/2026
STATEN ISLAND,2026-01-16 13:00:00+00:00,-5.6349998,0,34900,0,0,0,16.299694,1/16/2026
STATEN ISLAND,2026-01-16 14:00:00+00:00,-4.1349998,0,37600,0,0,0,21.897945,1/16/2026
STATEN ISLAND,2026-01-16 15:00:00+00:00,-3.0349998,0,40700,0,0,0,25.562534,1/16/2026
STATEN ISLAND,2026-01-16 16:00:00+00:00,-2.085,0,44400,0,0,0,22.691425,1/16/2026
STATEN ISLAND,2026-01-16 17:00:00+00:00,-1.085,0,49500,0,0,0,24.122683,1/16/2026
STATEN ISLAND,2026-01-16 18:00:00+00:00,-0.23500001,0,47000,0,0,0,21.707731,1/16/2026
STATEN ISLAND,2026-01-16 19:00:00+00:00,0.315,0,46000,0,0,0,21.479666,1/16/2026
STATEN ISLAND,2026-01-16 20:00:00+00:00,0.365,0,48700,0,0,0,18,1/16/2026
STATEN ISLAND,2026-01-16 21:00:00+00:00,0.114999995,0,50600,0,0,0,13.217443,1/16/2026
STATEN ISLAND,2026-01-16 22:00:00+00:00,-0.785,0,46300,0,0,0,10.691453,1/16/2026
STATEN ISLAND,2026-01-16 23:00:00+00:00,-1.085,0,31300,0,0,0,14.186923,1/16/2026
STATEN ISLAND,2026-01-17 00:00:00+00:00,-0.785,0,42300,0,0,0,5.6920996,1/17/2026
STATEN ISLAND,2026-01-17 01:00:00+00:00,-1.185,0,42000,0,0,0,8.311245,1/17/2026
STATEN ISLAND,2026-01-17 02:00:00+00:00,-1.135,0,42400,0,0,0,8.287822,1/17/2026
STATEN ISLAND,2026-01-17 03:00:00+00:00,-1.2850001,0,46200,0,0,0,10.799999,1/17/2026
STATEN ISLAND,2026-01-17 04:00:00+00:00,-1.435,0,46100,0,0,0,9.449572,1/17/2026
STATEN ISLAND,2026-01-17 05:00:00+00:00,-1.435,0,40200,0,0,0,8.209263,1/17/2026
STATEN ISLAND,2026-01-17 06:00:00+00:00,-0.885,0,46400,0,0,0,9.826088,1/17/2026
STATEN ISLAND,2026-01-17 07:00:00+00:00,-0.935,0,40200,0,0,0,9.659814,1/17/2026
STATEN ISLAND,2026-01-17 08:00:00+00:00,-0.635,0,36900,0,0,0,8.373386,1/17/2026
STATEN ISLAND,2026-01-17 09:00:00+00:00,0.815,0,34800,0,0,0,10.028439,1/17/2026
STATEN ISLAND,2026-01-17 10:00:00+00:00,0.215,0,29200,0,0,0,3.6,1/17/2026
STATEN ISLAND,2026-01-17 11:00:00+00:00,0.265,0,32800,0,0,0,9.178235,1/17/2026
STATEN ISLAND,2026-01-17 12:00:00+00:00,1.115,0,49400,0,0,0,9.793059,1/17/2026
STATEN ISLAND,2026-01-17 13:00:00+00:00,1.2149999,0,40900,0,0,0,8.587338,1/17/2026
STATEN ISLAND,2026-01-17 14:00:00+00:00,2.415,0,21600,0,0,0,8.891343,1/17/2026
STATEN ISLAND,2026-01-17 15:00:00+00:00,0.965,0.1,17200,0.1,0,0,9.021574,1/17/2026
STATEN ISLAND,2026-01-17 16:00:00+00:00,2.315,0.2,17500,0.2,0,0,10.24578,1/17/2026
STATEN ISLAND,2026-01-17 17:00:00+00:00,2.115,0.4,4200,0.3,0,0.07,11.988594,1/17/2026
STATEN ISLAND,2026-01-17 18:00:00+00:00,1.065,1.9,200,1,0,0.63,15.277749,1/17/2026
STATEN ISLAND,2026-01-17 19:00:00+00:00,0.815,2,4600,0.70000005,0,0.90999997,6.989936,1/17/2026
STATEN ISLAND,2026-01-17 20:00:00+00:00,0.565,0.1,13900,0.1,0,0,9.290511,1/17/2026
STATEN ISLAND,2026-01-17 21:00:00+00:00,1.2650001,0,15300,0,0,0,11.090103,1/17/2026
STATEN ISLAND,2026-01-17 22:00:00+00:00,0.815,0,15200,0,0,0,9.178235,1/17/2026
STATEN ISLAND,2026-01-17 23:00:00+00:00,0.815,0,14200,0,0,0,9.9571085,1/17/2026
STATEN ISLAND,2026-01-18 00:00:00+00:00,0.365,0,200,0,0,0,7.928178,1/18/2026
STATEN ISLAND,2026-01-18 01:00:00+00:00,-0.335,0,14200,0,0,0,4.6938252,1/18/2026
STATEN ISLAND,2026-01-18 02:00:00+00:00,-0.635,0,14100,0,0,0,6.519877,1/18/2026
STATEN ISLAND,2026-01-18 03:00:00+00:00,-0.585,0,13900,0,0,0,5.7599998,1/18/2026
STATEN ISLAND,2026-01-18 04:00:00+00:00,-0.735,0,14400,0,0,0,3.0758414,1/18/2026
STATEN ISLAND,2026-01-18 05:00:00+00:00,-0.98499995,0,12200,0,0,0,2.5959969,1/18/2026
STATEN ISLAND,2026-01-18 06:00:00+00:00,-0.335,0,13100,0,0,0,3.9763298,1/18/2026
STATEN ISLAND,2026-01-18 07:00:00+00:00,-0.485,0,200,0,0,0,3.6179552,1/18/2026
STATEN ISLAND,2026-01-18 08:00:00+00:00,-0.285,0,2500,0,0,0,2.9024127,1/18/2026
STATEN ISLAND,2026-01-18 09:00:00+00:00,-0.23500001,0,2500,0,0,0,2.16,1/18/2026
STATEN ISLAND,2026-01-18 10:00:00+00:00,-0.08500001,0,3000,0,0,0,1.9386592,1/18/2026
STATEN ISLAND,2026-01-18 11:00:00+00:00,0.065,0,1900,0,0,0,3.671294,1/18/2026
STATEN ISLAND,2026-01-18 12:00:00+00:00,0.365,0.6,12200,0.5,0,0.07,4.0249224,1/18/2026
STATEN ISLAND,2026-01-18 13:00:00+00:00,0.415,0.8,200,0.3,0,0.35,1.08,1/18/2026
STATEN ISLAND,2026-01-18 14:00:00+00:00,0.465,1,2900,0.39999998,0,0.42000002,4.198285,1/18/2026
STATEN ISLAND,2026-01-18 15:00:00+00:00,0.465,1.3,200,0.49999994,0,0.56,3.319036,1/18/2026
STATEN ISLAND,2026-01-18 16:00:00+00:00,0.565,0.2,200,0,0,0.14,6.4096174,1/18/2026
STATEN ISLAND,2026-01-18 17:00:00+00:00,0.665,0,200,0,0,0,6.638072,1/18/2026
STATEN ISLAND,2026-01-18 18:00:00+00:00,0.565,0.3,4500,0,0,0.21000001,9.028754,1/18/2026
STATEN ISLAND,2026-01-18 19:00:00+00:00,0.715,0.3,12300,0,0,0.21000001,12.7279215,1/18/2026
STATEN ISLAND,2026-01-18 20:00:00+00:00,0.665,0,13100,0,0,0,13.138765,1/18/2026
STATEN ISLAND,2026-01-18 21:00:00+00:00,0.465,0.1,13800,0,0,0.07,11.542478,1/18/2026
STATEN ISLAND,2026-01-18 22:00:00+00:00,0.265,0.5,3200,0.19999999,0,0.21000001,12.979984,1/18/2026
STATEN ISLAND,2026-01-18 23:00:00+00:00,0.014999997,0.8,2200,0.3,0,0.35,12.9249525,1/18/2026
STATEN ISLAND,2026-01-19 00:00:00+00:00,0.014999997,0.70000005,3300,0.30000004,0,0.28,13.202726,1/19/2026
STATEN ISLAND,2026-01-19 01:00:00+00:00,-0.185,1.2,1700,0.40000004,0,0.56,16.299694,1/19/2026
STATEN ISLAND,2026-01-19 02:00:00+00:00,-0.485,0.8,8700,0.3,0,0.35,13.202726,1/19/2026
STATEN ISLAND,2026-01-19 03:00:00+00:00,-0.685,0.2,12200,0,0,0.14,15.580141,1/19/2026
STATEN ISLAND,2026-01-19 04:00:00+00:00,-0.98499995,0,13700,0,0,0,15.379206,1/19/2026
STATEN ISLAND,2026-01-19 05:00:00+00:00,-1.335,0,16700,0,0,0,11.570515,1/19/2026
STATEN ISLAND,2026-01-19 06:00:00+00:00,-1.685,0,17900,0,0,0,11.525623,1/19/2026
STATEN ISLAND,2026-01-19 07:00:00+00:00,-2.935,0,18200,0,0,0,12.682018,1/19/2026
STATEN ISLAND,2026-01-19 08:00:00+00:00,-3.735,0,19200,0,0,0,13.5515,1/19/2026
STATEN ISLAND,2026-01-19 09:00:00+00:00,-4.585,0,18800,0,0,0,14.77755,1/19/2026
STATEN ISLAND,2026-01-19 10:00:00+00:00,-5.485,0,18200,0,0,0,15.496736,1/19/2026
STATEN ISLAND,2026-01-19 11:00:00+00:00,-6.035,0,18600,0,0,0,13.684735,1/19/2026
STATEN ISLAND,2026-01-19 12:00:00+00:00,-6.685,0,18300,0,0,0,9.726665,1/19/2026
STATEN ISLAND,2026-01-19 13:00:00+00:00,-6.435,0,21900,0,0,0,10.661107,1/19/2026
STATEN ISLAND,2026-01-19 14:00:00+00:00,-5.285,0,26100,0,0,0,15.629972,1/19/2026
STATEN ISLAND,2026-01-19 15:00:00+00:00,-3.835,0,25000,0,0,0,17.106628,1/19/2026
STATEN ISLAND,2026-01-19 16:00:00+00:00,-2.7849998,0,26300,0,0,0,15.484185,1/19/2026
STATEN ISLAND,2026-01-19 17:00:00+00:00,-1.4849999,0,26300,0,0,0,15.077082,1/19/2026
STATEN ISLAND,2026-01-19 18:00:00+00:00,-0.935,0,28100,0,0,0,20.12461,1/19/2026
STATEN ISLAND,2026-01-19 19:00:00+00:00,-0.635,0,29900,0,0,0,20.26899,1/19/2026
STATEN ISLAND,2026-01-19 20:00:00+00:00,-0.785,0,35600,0,0,0,20.65848,1/19/2026
STATEN ISLAND,2026-01-19 21:00:00+00:00,-1.385,0,36500,0,0,0,14.707222,1/19/2026
STATEN ISLAND,2026-01-19 22:00:00+00:00,-2.335,0,33000,0,0,0,7.928177,1/19/2026
STATEN ISLAND,2026-01-19 23:00:00+00:00,-2.5349998,0,38800,0,0,0,6.489992,1/19/2026
STATEN ISLAND,2026-01-20 00:00:00+00:00,-2.935,0,29000,0,0,0,10.239453,1/20/2026
STATEN ISLAND,2026-01-20 01:00:00+00:00,-3.185,0,28000,0,0,0,7.42159,1/20/2026
STATEN ISLAND,2026-01-20 02:00:00+00:00,-3.2849998,0,29900,0,0,0,17.533146,1/20/2026
STATEN ISLAND,2026-01-20 03:00:00+00:00,-3.485,0,43600,0,0,0,17.935081,1/20/2026
STATEN ISLAND,2026-01-20 04:00:00+00:00,-4.3849998,0,41300,0,0,0,13.684735,1/20/2026
STATEN ISLAND,2026-01-20 05:00:00+00:00,-5.3849998,0,38600,0,0,0,13.849476,1/20/2026
STATEN ISLAND,2026-01-20 06:00:00+00:00,-6.3849998,0,35400,0,0,0,16.454008,1/20/2026
STATEN ISLAND,2026-01-20 07:00:00+00:00,-6.785,0,37800,0,0,0,16.394829,1/20/2026
STATEN ISLAND,2026-01-20 08:00:00+00:00,-7.335,0,34000,0,0,0,17.771753,1/20/2026
STATEN ISLAND,2026-01-20 09:00:00+00:00,-7.8849998,0,34700,0,0,0,16.93531,1/20/2026
STATEN ISLAND,2026-01-20 10:00:00+00:00,-8.435,0,35100,0,0,0,17.313717,1/20/2026
STATEN ISLAND,2026-01-20 11:00:00+00:00,-8.985001,0,34900,0,0,0,16.75064,1/20/2026
STATEN ISLAND,2026-01-20 12:00:00+00:00,-9.535001,0,32700,0,0,0,15.5843,1/20/2026
STATEN ISLAND,2026-01-20 13:00:00+00:00,-9.435,0,32600,0,0,0,17.208603,1/20/2026
STATEN ISLAND,2026-01-20 14:00:00+00:00,-8.985001,0,35500,0,0,0,22.253124,1/20/2026
STATEN ISLAND,2026-01-20 15:00:00+00:00,-8.185,0,39500,0,0,0,23.576563,1/20/2026
STATEN ISLAND,2026-01-20 16:00:00+00:00,-7.535,0,42900,0,0,0,25.050413,1/20/2026
STATEN ISLAND,2026-01-20 17:00:00+00:00,-6.785,0,45300,0,0,0,25.721743,1/20/2026
STATEN ISLAND,2026-01-20 18:00:00+00:00,-6.435,0,46800,0,0,0,26.400545,1/20/2026
STATEN ISLAND,2026-01-20 19:00:00+00:00,-5.985,0,50700,0,0,0,22.751316,1/20/2026
STATEN ISLAND,2026-01-20 20:00:00+00:00,-5.985,0,52800,0,0,0,23.623243,1/20/2026
STATEN ISLAND,2026-01-20 21:00:00+00:00,-6.435,0,48500,0,0,0,24.522316,1/20/2026
STATEN ISLAND,2026-01-20 22:00:00+00:00,-7.3849998,0,48000,0,0,0,18.486622,1/20/2026
STATEN ISLAND,2026-01-20 23:00:00+00:00,-7.985,0,45700,0,0,0,13.849476,1/20/2026
STATEN ISLAND,2026-01-21 00:00:00+00:00,-8.735001,0,45500,0,0,0,10.239453,1/21/2026
STATEN ISLAND,2026-01-21 01:00:00+00:00,-9.435,0,42700,0,0,0,8.311245,1/21/2026
STATEN ISLAND,2026-01-21 02:00:00+00:00,-10.085,0,41200,0,0,0,5.4833565,1/21/2026
STATEN ISLAND,2026-01-21 03:00:00+00:00,-10.685,0,37200,0,0,0,10.966713,1/21/2026
STATEN ISLAND,2026-01-21 04:00:00+00:00,-10.985001,0,39300,0,0,0,8.78872,1/21/2026
